atb.assembly.incr_release.202408.batch.1.tar.xz	https://osf.io/download/bfeqh/
atb.assembly.incr_release.202408.batch.10.tar.xz	https://osf.io/download/66d9a2958e73e77956a3cc98/
atb.assembly.incr_release.202408.batch.100.tar.xz	https://osf.io/download/66d9b239ca9307a8c11eb0c9/
atb.assembly.incr_release.202408.batch.101.tar.xz	https://osf.io/download/66d9b34bb14142a4302e0776/
atb.assembly.incr_release.202408.batch.102.tar.xz	https://osf.io/download/66d9b34dd45638cf0177b5cd/
atb.assembly.incr_release.202408.batch.103.tar.xz	https://osf.io/download/66d9b32bd45638cf0177b5af/
atb.assembly.incr_release.202408.batch.104.tar.xz	https://osf.io/download/66d9b3294d20d12534a3cd88/
atb.assembly.incr_release.202408.batch.105.tar.xz	https://osf.io/download/66d9b3296e706fc5802e0657/
atb.assembly.incr_release.202408.batch.106.tar.xz	https://osf.io/download/66d9b33d1b6dfa7269a3ccef/
atb.assembly.incr_release.202408.batch.107.tar.xz	https://osf.io/download/66d9b331fc8dbac9a82e0775/
atb.assembly.incr_release.202408.batch.108.tar.xz	https://osf.io/download/66d9b332b14142a4302e0764/
atb.assembly.incr_release.202408.batch.109.tar.xz	https://osf.io/download/66d9b34647e9f4a6ad2e05fb/
atb.assembly.incr_release.202408.batch.11.tar.xz	https://osf.io/download/66d9a2f3cd4db82d7b1eb479/
atb.assembly.incr_release.202408.batch.110.tar.xz	https://osf.io/download/66d9b3494d20d12534a3cd9b/
atb.assembly.incr_release.202408.batch.111.tar.xz	https://osf.io/download/66d9b54762c73df0ff77b639/
atb.assembly.incr_release.202408.batch.112.tar.xz	https://osf.io/download/66d9b54ad45638cf0177b77f/
atb.assembly.incr_release.202408.batch.113.tar.xz	https://osf.io/download/66d9b54cd45638cf0177b789/
atb.assembly.incr_release.202408.batch.114.tar.xz	https://osf.io/download/66d9b553ced680f852a3cc9c/
atb.assembly.incr_release.202408.batch.115.tar.xz	https://osf.io/download/66d9b55832ac10a9dd2dfd05/
atb.assembly.incr_release.202408.batch.116.tar.xz	https://osf.io/download/66d9b56163431f56ee1eb3db/
atb.assembly.incr_release.202408.batch.117.tar.xz	https://osf.io/download/66d9b553ab87c2b2aa1eb88c/
atb.assembly.incr_release.202408.batch.118.tar.xz	https://osf.io/download/66d9b56a74006091402dfcf2/
atb.assembly.incr_release.202408.batch.119.tar.xz	https://osf.io/download/66d9b56aec63776e9045a0cd/
atb.assembly.incr_release.202408.batch.12.tar.xz	https://osf.io/download/66d9a2e339458125d3a3cbe7/
atb.assembly.incr_release.202408.batch.120.tar.xz	https://osf.io/download/66d9b569ec63776e9045a0cb/
atb.assembly.incr_release.202408.batch.121.tar.xz	https://osf.io/download/66d9b5dc4d20d12534a3cf58/
atb.assembly.incr_release.202408.batch.122.tar.xz	https://osf.io/download/66d9b5dc591d839f7845a0e3/
atb.assembly.incr_release.202408.batch.123.tar.xz	https://osf.io/download/66d9b5dc9e632e3d1577acb9/
atb.assembly.incr_release.202408.batch.124.tar.xz	https://osf.io/download/66d9b5dd6e706fc5802e0796/
atb.assembly.incr_release.202408.batch.125.tar.xz	https://osf.io/download/66d9b5dc62c73df0ff77b696/
atb.assembly.incr_release.202408.batch.126.tar.xz	https://osf.io/download/66d9b5f632ac10a9dd2dfd5a/
atb.assembly.incr_release.202408.batch.127.tar.xz	https://osf.io/download/66d9b5f447e9f4a6ad2e0797/
atb.assembly.incr_release.202408.batch.128.tar.xz	https://osf.io/download/66d9b5f6f69050cdc3a3d0fe/
atb.assembly.incr_release.202408.batch.129.tar.xz	https://osf.io/download/66d9b5e94ccc03476245a223/
atb.assembly.incr_release.202408.batch.13.tar.xz	https://osf.io/download/66d9a2e31524ca1e35459d92/
atb.assembly.incr_release.202408.batch.130.tar.xz	https://osf.io/download/66d9b5e032ac10a9dd2dfd52/
atb.assembly.incr_release.202408.batch.131.tar.xz	https://osf.io/download/66d9b61c62c73df0ff77b6c1/
atb.assembly.incr_release.202408.batch.132.tar.xz	https://osf.io/download/66d9b61ad45638cf0177b830/
atb.assembly.incr_release.202408.batch.133.tar.xz	https://osf.io/download/66d9b61a62c73df0ff77b6bf/
atb.assembly.incr_release.202408.batch.134.tar.xz	https://osf.io/download/66d9b612ca9307a8c11eb27e/
atb.assembly.incr_release.202408.batch.135.tar.xz	https://osf.io/download/66d9b6196e706fc5802e07b3/
atb.assembly.incr_release.202408.batch.136.tar.xz	https://osf.io/download/66d9b61974006091402dfd5c/
atb.assembly.incr_release.202408.batch.137.tar.xz	https://osf.io/download/66d9b63332ac10a9dd2dfd9a/
atb.assembly.incr_release.202408.batch.138.tar.xz	https://osf.io/download/66d9b62d5cbc564c9b77b9bd/
atb.assembly.incr_release.202408.batch.139.tar.xz	https://osf.io/download/66d9b62174006091402dfd61/
atb.assembly.incr_release.202408.batch.14.tar.xz	https://osf.io/download/66d9a2d877177b5974a3ccf0/
atb.assembly.incr_release.202408.batch.140.tar.xz	https://osf.io/download/66d9b62a4d20d12534a3cf97/
atb.assembly.incr_release.202408.batch.141.tar.xz	https://osf.io/download/66d9b6a627131970062dfc2e/
atb.assembly.incr_release.202408.batch.142.tar.xz	https://osf.io/download/66d9b6aa4d20d12534a3cfd9/
atb.assembly.incr_release.202408.batch.143.tar.xz	https://osf.io/download/66d9b6a81b6dfa7269a3cf86/
atb.assembly.incr_release.202408.batch.144.tar.xz	https://osf.io/download/66d9b6b962c73df0ff77b72d/
atb.assembly.incr_release.202408.batch.145.tar.xz	https://osf.io/download/66d9b6f1f69050cdc3a3d1c4/
atb.assembly.incr_release.202408.batch.146.tar.xz	https://osf.io/download/66d9b6faf69050cdc3a3d1d2/
atb.assembly.incr_release.202408.batch.147.tar.xz	https://osf.io/download/66d9b6ee63431f56ee1eb479/
atb.assembly.incr_release.202408.batch.148.tar.xz	https://osf.io/download/66d9b6b49e632e3d1577ad44/
atb.assembly.incr_release.202408.batch.149.tar.xz	https://osf.io/download/66d9b6c063431f56ee1eb469/
atb.assembly.incr_release.202408.batch.15.tar.xz	https://osf.io/download/66d9a2c7e6e019151777ae71/
atb.assembly.incr_release.202408.batch.150.tar.xz	https://osf.io/download/66d9b6c49e632e3d1577ad57/
atb.assembly.incr_release.202408.batch.151.tar.xz	https://osf.io/download/66d9b7744d20d12534a3d076/
atb.assembly.incr_release.202408.batch.152.tar.xz	https://osf.io/download/66d9b784ca9307a8c11eb2e0/
atb.assembly.incr_release.202408.batch.153.tar.xz	https://osf.io/download/66d9b796f69050cdc3a3d246/
atb.assembly.incr_release.202408.batch.154.tar.xz	https://osf.io/download/66d9b79919a3d773c52dfc2b/
atb.assembly.incr_release.202408.batch.155.tar.xz	https://osf.io/download/66d9b799f69050cdc3a3d248/
atb.assembly.incr_release.202408.batch.156.tar.xz	https://osf.io/download/66d9b7b3ec63776e9045a24f/
atb.assembly.incr_release.202408.batch.157.tar.xz	https://osf.io/download/66d9b7c619a3d773c52dfc35/
atb.assembly.incr_release.202408.batch.158.tar.xz	https://osf.io/download/66d9b7dab862d3e30277ad72/
atb.assembly.incr_release.202408.batch.159.tar.xz	https://osf.io/download/66d9b7deb862d3e30277ad7b/
atb.assembly.incr_release.202408.batch.16.tar.xz	https://osf.io/download/66d9a2cd908f59022ca3ce26/
atb.assembly.incr_release.202408.batch.160.tar.xz	https://osf.io/download/66d9b7d24ccc03476245a364/
atb.assembly.incr_release.202408.batch.161.tar.xz	https://osf.io/download/66d9b8409e632e3d1577af49/
atb.assembly.incr_release.202408.batch.162.tar.xz	https://osf.io/download/66d9b84019a3d773c52dfca5/
atb.assembly.incr_release.202408.batch.163.tar.xz	https://osf.io/download/66d9b8414d20d12534a3d1d6/
atb.assembly.incr_release.202408.batch.164.tar.xz	https://osf.io/download/66d9b83f2c528d2fe51ead70/
atb.assembly.incr_release.202408.batch.165.tar.xz	https://osf.io/download/66d9b83fb673b30bb3a3c960/
atb.assembly.incr_release.202408.batch.166.tar.xz	https://osf.io/download/66d9b88d2c528d2fe51eadb9/
atb.assembly.incr_release.202408.batch.167.tar.xz	https://osf.io/download/66d9b88b27131970062dfdeb/
atb.assembly.incr_release.202408.batch.168.tar.xz	https://osf.io/download/66d9b896ec63776e9045a29d/
atb.assembly.incr_release.202408.batch.169.tar.xz	https://osf.io/download/66d9b891b673b30bb3a3c978/
atb.assembly.incr_release.202408.batch.17.tar.xz	https://osf.io/download/66d9a2d477177b5974a3ccec/
atb.assembly.incr_release.202408.batch.170.tar.xz	https://osf.io/download/66d9b8902c528d2fe51eadbb/
atb.assembly.incr_release.202408.batch.171.tar.xz	https://osf.io/download/66d9b91f63431f56ee1eb6e5/
atb.assembly.incr_release.202408.batch.172.tar.xz	https://osf.io/download/66d9b9202c528d2fe51eae08/
atb.assembly.incr_release.202408.batch.173.tar.xz	https://osf.io/download/66d9b91a4e14258e5c77ac6f/
atb.assembly.incr_release.202408.batch.174.tar.xz	https://osf.io/download/66d9b92119a3d773c52dfd3c/
atb.assembly.incr_release.202408.batch.175.tar.xz	https://osf.io/download/66d9b92127131970062dfe82/
atb.assembly.incr_release.202408.batch.176.tar.xz	https://osf.io/download/66d9b95919a3d773c52dfd54/
atb.assembly.incr_release.202408.batch.177.tar.xz	https://osf.io/download/66d9b95cec63776e9045a41d/
atb.assembly.incr_release.202408.batch.178.tar.xz	https://osf.io/download/66d9b95ce8ee45ca9d1eaf7d/
atb.assembly.incr_release.202408.batch.179.tar.xz	https://osf.io/download/66d9b94b27131970062dfe97/
atb.assembly.incr_release.202408.batch.18.tar.xz	https://osf.io/download/66d9a2da210f83fd751eb5aa/
atb.assembly.incr_release.202408.batch.180.tar.xz	https://osf.io/download/66d9b9334ccc03476245a3e1/
atb.assembly.incr_release.202408.batch.181.tar.xz	https://osf.io/download/66d9b99e4e14258e5c77ac97/
atb.assembly.incr_release.202408.batch.182.tar.xz	https://osf.io/download/66d9b99f568dfc28a377adbd/
atb.assembly.incr_release.202408.batch.183.tar.xz	https://osf.io/download/66d9b9a425477b914b45985a/
atb.assembly.incr_release.202408.batch.184.tar.xz	https://osf.io/download/66d9b9a5568dfc28a377adbf/
atb.assembly.incr_release.202408.batch.185.tar.xz	https://osf.io/download/66d9b9a7591d839f7845a495/
atb.assembly.incr_release.202408.batch.186.tar.xz	https://osf.io/download/66d9b9b5f69050cdc3a3d37c/
atb.assembly.incr_release.202408.batch.187.tar.xz	https://osf.io/download/66d9b9a9ca9307a8c11eb375/
atb.assembly.incr_release.202408.batch.188.tar.xz	https://osf.io/download/66d9b9b027131970062dfef9/
atb.assembly.incr_release.202408.batch.189.tar.xz	https://osf.io/download/66d9b9ab27131970062dfef1/
atb.assembly.incr_release.202408.batch.19.tar.xz	https://osf.io/download/66d9a2e5210f83fd751eb5bb/
atb.assembly.incr_release.202408.batch.190.tar.xz	https://osf.io/download/66d9b9b7569114c1aa77ad0f/
atb.assembly.incr_release.202408.batch.191.tar.xz	https://osf.io/download/66d9ba3a63431f56ee1eb7a1/
atb.assembly.incr_release.202408.batch.192.tar.xz	https://osf.io/download/66d9ba3eb673b30bb3a3cae3/
atb.assembly.incr_release.202408.batch.193.tar.xz	https://osf.io/download/66d9ba49b673b30bb3a3caee/
atb.assembly.incr_release.202408.batch.194.tar.xz	https://osf.io/download/66d9ba4632ac10a9dd2e0080/
atb.assembly.incr_release.202408.batch.195.tar.xz	https://osf.io/download/66d9ba4932ac10a9dd2e0082/
atb.assembly.incr_release.202408.batch.196.tar.xz	https://osf.io/download/66d9ba49f69050cdc3a3d3b5/
atb.assembly.incr_release.202408.batch.197.tar.xz	https://osf.io/download/66d9ba4a74006091402e0033/
atb.assembly.incr_release.202408.batch.198.tar.xz	https://osf.io/download/66d9ba5c40ccfc6ac7459ad0/
atb.assembly.incr_release.202408.batch.199.tar.xz	https://osf.io/download/66d9ba6219a3d773c52dfe69/
atb.assembly.incr_release.202408.batch.2.tar.xz	https://osf.io/download/66d9a278965526e9a71eb48b/
atb.assembly.incr_release.202408.batch.20.tar.xz	https://osf.io/download/66d9a2f5fc8dbac9a82dff9e/
atb.assembly.incr_release.202408.batch.200.tar.xz	https://osf.io/download/66d9ba5d9e632e3d1577b023/
atb.assembly.incr_release.202408.batch.201.tar.xz	https://osf.io/download/66d9bacaff9882d7d2a3c93a/
atb.assembly.incr_release.202408.batch.202.tar.xz	https://osf.io/download/66d9bac5591d839f7845a54a/
atb.assembly.incr_release.202408.batch.203.tar.xz	https://osf.io/download/66d9bac574006091402e005d/
atb.assembly.incr_release.202408.batch.204.tar.xz	https://osf.io/download/66d9babc40ccfc6ac7459b2d/
atb.assembly.incr_release.202408.batch.205.tar.xz	https://osf.io/download/66d9bac032ac10a9dd2e00b1/
atb.assembly.incr_release.202408.batch.206.tar.xz	https://osf.io/download/66d9bad3568dfc28a377ae3c/
atb.assembly.incr_release.202408.batch.207.tar.xz	https://osf.io/download/66d9bacd569114c1aa77ad95/
atb.assembly.incr_release.202408.batch.208.tar.xz	https://osf.io/download/66d9bacd97077a526aa3c7ea/
atb.assembly.incr_release.202408.batch.209.tar.xz	https://osf.io/download/66d9bad84e14258e5c77ae0f/
atb.assembly.incr_release.202408.batch.21.tar.xz	https://osf.io/download/66d9a3278d262a1b6377abed/
atb.assembly.incr_release.202408.batch.210.tar.xz	https://osf.io/download/66d9badc591d839f7845a561/
atb.assembly.incr_release.202408.batch.211.tar.xz	https://osf.io/download/66d9bad7591d839f7845a55f/
atb.assembly.incr_release.202408.batch.212.tar.xz	https://osf.io/download/66d9bbfc2c67a257b5459a23/
atb.assembly.incr_release.202408.batch.213.tar.xz	https://osf.io/download/66d9bd834d20d12534a3d539/
atb.assembly.incr_release.202408.batch.214.tar.xz	https://osf.io/download/66d9beb8d7fa696431a3c800/
atb.assembly.incr_release.202408.batch.215.tar.xz	https://osf.io/download/66d9c01c22d2457c7b77af4c/
atb.assembly.incr_release.202408.batch.216.tar.xz	https://osf.io/download/66d9c0d7e03a3e89401eae97/
atb.assembly.incr_release.202408.batch.217.tar.xz	https://osf.io/download/66d9c0b90b045be4bca3c8f4/
atb.assembly.incr_release.202408.batch.218.tar.xz	https://osf.io/download/66d9c0c927131970062e01df/
atb.assembly.incr_release.202408.batch.219.tar.xz	https://osf.io/download/66d9c0b497077a526aa3cc61/
atb.assembly.incr_release.202408.batch.22.tar.xz	https://osf.io/download/66d9a330965526e9a71eb52f/
atb.assembly.incr_release.202408.batch.220.tar.xz	https://osf.io/download/66d9c0899928639f05459d03/
atb.assembly.incr_release.202408.batch.221.tar.xz	https://osf.io/download/66d9c09540ccfc6ac7459e30/
atb.assembly.incr_release.202408.batch.222.tar.xz	https://osf.io/download/66d9c0c9eef8bdb54f1eaf87/
atb.assembly.incr_release.202408.batch.223.tar.xz	https://osf.io/download/xc38h/
atb.assembly.incr_release.202408.batch.23.tar.xz	https://osf.io/download/66d9a322c6ab093ae877b5e8/
atb.assembly.incr_release.202408.batch.24.tar.xz	https://osf.io/download/66d9a338f9906f56b5459f5d/
atb.assembly.incr_release.202408.batch.25.tar.xz	https://osf.io/download/66d9a3308d262a1b6377abf5/
atb.assembly.incr_release.202408.batch.26.tar.xz	https://osf.io/download/66d9a33b5cbc564c9b77ac0a/
atb.assembly.incr_release.202408.batch.27.tar.xz	https://osf.io/download/66d9a334a8ea15b31e77b4ac/
atb.assembly.incr_release.202408.batch.28.tar.xz	https://osf.io/download/66d9a34838ed0507531eb693/
atb.assembly.incr_release.202408.batch.29.tar.xz	https://osf.io/download/66d9a346210f83fd751eb5fa/
atb.assembly.incr_release.202408.batch.3.tar.xz	https://osf.io/download/66d9a28dc6ab093ae877b598/
atb.assembly.incr_release.202408.batch.30.tar.xz	https://osf.io/download/66d9a339a0351f35852e07bc/
atb.assembly.incr_release.202408.batch.31.tar.xz	https://osf.io/download/66d9a39e908f59022ca3ce8e/
atb.assembly.incr_release.202408.batch.32.tar.xz	https://osf.io/download/66d9a38bcd4db82d7b1eb4bd/
atb.assembly.incr_release.202408.batch.33.tar.xz	https://osf.io/download/66d9a41e0ca25644d0459fbb/
atb.assembly.incr_release.202408.batch.34.tar.xz	https://osf.io/download/66d9a43cc6ab093ae877b646/
atb.assembly.incr_release.202408.batch.35.tar.xz	https://osf.io/download/66d9a408c6ab093ae877b636/
atb.assembly.incr_release.202408.batch.36.tar.xz	https://osf.io/download/66d9a41e5cbc564c9b77acee/
atb.assembly.incr_release.202408.batch.37.tar.xz	https://osf.io/download/66d9a41b5cbc564c9b77acea/
atb.assembly.incr_release.202408.batch.38.tar.xz	https://osf.io/download/66d9a481908f59022ca3cf1e/
atb.assembly.incr_release.202408.batch.39.tar.xz	https://osf.io/download/66d9a4708d262a1b6377ac9e/
atb.assembly.incr_release.202408.batch.4.tar.xz	https://osf.io/download/66d9a268125d8e7378459dfa/
atb.assembly.incr_release.202408.batch.40.tar.xz	https://osf.io/download/66d9a4755cbc564c9b77ad24/
atb.assembly.incr_release.202408.batch.41.tar.xz	https://osf.io/download/66d9a59b77177b5974a3cecc/
atb.assembly.incr_release.202408.batch.42.tar.xz	https://osf.io/download/66d9a56677177b5974a3ceb2/
atb.assembly.incr_release.202408.batch.43.tar.xz	https://osf.io/download/66d9a57f125d8e7378459f9f/
atb.assembly.incr_release.202408.batch.44.tar.xz	https://osf.io/download/66d9a5a10ca25644d045a0ba/
atb.assembly.incr_release.202408.batch.45.tar.xz	https://osf.io/download/66d9a54a210f83fd751eb7b6/
atb.assembly.incr_release.202408.batch.46.tar.xz	https://osf.io/download/66d9a627125d8e7378459fda/
atb.assembly.incr_release.202408.batch.47.tar.xz	https://osf.io/download/66d9a6a1cd4db82d7b1eb7b2/
atb.assembly.incr_release.202408.batch.48.tar.xz	https://osf.io/download/66d9a6d247e9f4a6ad2dfc27/
atb.assembly.incr_release.202408.batch.49.tar.xz	https://osf.io/download/66d9a6c577177b5974a3cf6b/
atb.assembly.incr_release.202408.batch.5.tar.xz	https://osf.io/download/66d9a25ec8f7e4d31777b327/
atb.assembly.incr_release.202408.batch.50.tar.xz	https://osf.io/download/66d9a69b39458125d3a3cfb3/
atb.assembly.incr_release.202408.batch.51.tar.xz	https://osf.io/download/66d9a83047e9f4a6ad2dfd5c/
atb.assembly.incr_release.202408.batch.52.tar.xz	https://osf.io/download/66d9a84762c73df0ff77ac39/
atb.assembly.incr_release.202408.batch.53.tar.xz	https://osf.io/download/66d9a7fa908f59022ca3d0db/
atb.assembly.incr_release.202408.batch.54.tar.xz	https://osf.io/download/66d9a7b0ab87c2b2aa1eac23/
atb.assembly.incr_release.202408.batch.55.tar.xz	https://osf.io/download/66d9a77ff9906f56b545a3dd/
atb.assembly.incr_release.202408.batch.56.tar.xz	https://osf.io/download/66d9a8fafc8dbac9a82e042c/
atb.assembly.incr_release.202408.batch.57.tar.xz	https://osf.io/download/66d9a929ab87c2b2aa1ead85/
atb.assembly.incr_release.202408.batch.58.tar.xz	https://osf.io/download/66d9a8ff63431f56ee1eada0/
atb.assembly.incr_release.202408.batch.59.tar.xz	https://osf.io/download/66d9a8af6e706fc5802e00a3/
atb.assembly.incr_release.202408.batch.6.tar.xz	https://osf.io/download/66d9a26c210f83fd751eb46d/
atb.assembly.incr_release.202408.batch.60.tar.xz	https://osf.io/download/66d9a8594ccc0347624598a5/
atb.assembly.incr_release.202408.batch.61.tar.xz	https://osf.io/download/66d9a9a01524ca1e3545a126/
atb.assembly.incr_release.202408.batch.62.tar.xz	https://osf.io/download/66d9a956ab87c2b2aa1ead99/
atb.assembly.incr_release.202408.batch.63.tar.xz	https://osf.io/download/66d9a95fd45638cf0177ad02/
atb.assembly.incr_release.202408.batch.64.tar.xz	https://osf.io/download/66d9a971ca9307a8c11ead85/
atb.assembly.incr_release.202408.batch.65.tar.xz	https://osf.io/download/66d9a97163431f56ee1eadd3/
atb.assembly.incr_release.202408.batch.66.tar.xz	https://osf.io/download/66d9a96647e9f4a6ad2dfe16/
atb.assembly.incr_release.202408.batch.67.tar.xz	https://osf.io/download/66d9a96a63431f56ee1eadcf/
atb.assembly.incr_release.202408.batch.68.tar.xz	https://osf.io/download/66d9a98a39458125d3a3d2c3/
atb.assembly.incr_release.202408.batch.69.tar.xz	https://osf.io/download/66d9a9c6d45638cf0177ad5f/
atb.assembly.incr_release.202408.batch.7.tar.xz	https://osf.io/download/66d9a27f8e73e77956a3cc84/
atb.assembly.incr_release.202408.batch.70.tar.xz	https://osf.io/download/66d9a9bab14142a4302dfe96/
atb.assembly.incr_release.202408.batch.71.tar.xz	https://osf.io/download/66d9aa76d45638cf0177adf2/
atb.assembly.incr_release.202408.batch.72.tar.xz	https://osf.io/download/66d9acf54ccc034762459d71/
atb.assembly.incr_release.202408.batch.73.tar.xz	https://osf.io/download/66d9acedb14142a4302e0186/
atb.assembly.incr_release.202408.batch.74.tar.xz	https://osf.io/download/66d9acf362c73df0ff77af5e/
atb.assembly.incr_release.202408.batch.75.tar.xz	https://osf.io/download/66d9aaa0fc8dbac9a82e049a/
atb.assembly.incr_release.202408.batch.76.tar.xz	https://osf.io/download/66d9ae001b6dfa7269a3c979/
atb.assembly.incr_release.202408.batch.77.tar.xz	https://osf.io/download/66d9ae04ec63776e90459bd2/
atb.assembly.incr_release.202408.batch.78.tar.xz	https://osf.io/download/66d9ae03ab87c2b2aa1eb396/
atb.assembly.incr_release.202408.batch.79.tar.xz	https://osf.io/download/66d9ae076e706fc5802e0407/
atb.assembly.incr_release.202408.batch.8.tar.xz	https://osf.io/download/66d9a282c8f7e4d31777b337/
atb.assembly.incr_release.202408.batch.80.tar.xz	https://osf.io/download/66d9adfd591d839f7845986d/
atb.assembly.incr_release.202408.batch.81.tar.xz	https://osf.io/download/66d9b07663431f56ee1eb18d/
atb.assembly.incr_release.202408.batch.82.tar.xz	https://osf.io/download/66d9b08b1b6dfa7269a3cabc/
atb.assembly.incr_release.202408.batch.83.tar.xz	https://osf.io/download/66d9b06dd45638cf0177b34e/
atb.assembly.incr_release.202408.batch.84.tar.xz	https://osf.io/download/66d9b087b14142a4302e0515/
atb.assembly.incr_release.202408.batch.85.tar.xz	https://osf.io/download/66d9b0941b6dfa7269a3cabe/
atb.assembly.incr_release.202408.batch.86.tar.xz	https://osf.io/download/66d9b0fd27a7d756131eb3c5/
atb.assembly.incr_release.202408.batch.87.tar.xz	https://osf.io/download/66d9b108f69050cdc3a3ccf0/
atb.assembly.incr_release.202408.batch.88.tar.xz	https://osf.io/download/66d9b11262c73df0ff77b1ef/
atb.assembly.incr_release.202408.batch.89.tar.xz	https://osf.io/download/66d9b114ec63776e90459dea/
atb.assembly.incr_release.202408.batch.9.tar.xz	https://osf.io/download/66d9a296908f59022ca3cdee/
atb.assembly.incr_release.202408.batch.90.tar.xz	https://osf.io/download/66d9b0c662c73df0ff77b1af/
atb.assembly.incr_release.202408.batch.91.tar.xz	https://osf.io/download/66d9b1b427a7d756131eb423/
atb.assembly.incr_release.202408.batch.92.tar.xz	https://osf.io/download/66d9b1b163431f56ee1eb217/
atb.assembly.incr_release.202408.batch.93.tar.xz	https://osf.io/download/66d9b1adab87c2b2aa1eb642/
atb.assembly.incr_release.202408.batch.94.tar.xz	https://osf.io/download/66d9b1c047e9f4a6ad2e04d4/
atb.assembly.incr_release.202408.batch.95.tar.xz	https://osf.io/download/66d9b1d46e706fc5802e05a2/
atb.assembly.incr_release.202408.batch.96.tar.xz	https://osf.io/download/66d9b1c4b14142a4302e061e/
atb.assembly.incr_release.202408.batch.97.tar.xz	https://osf.io/download/66d9b233ab87c2b2aa1eb688/
atb.assembly.incr_release.202408.batch.98.tar.xz	https://osf.io/download/66d9b22ff69050cdc3a3cdb6/
atb.assembly.incr_release.202408.batch.99.tar.xz	https://osf.io/download/dv2pk/
atb.assembly.r0.2.batch.1.tar.xz	https://osf.io/download/27tz5/
atb.assembly.r0.2.batch.10.tar.xz	https://osf.io/download/667142c5d835c4399c4cdfa9/
atb.assembly.r0.2.batch.100.tar.xz	https://osf.io/download/pva7j/
atb.assembly.r0.2.batch.101.tar.xz	https://osf.io/download/66715d7a6b6c8e341c04d768/
atb.assembly.r0.2.batch.102.tar.xz	https://osf.io/download/66715d4477ff4c5f3ee045e6/
atb.assembly.r0.2.batch.103.tar.xz	https://osf.io/download/66715cd06b6c8e341104cbf5/
atb.assembly.r0.2.batch.104.tar.xz	https://osf.io/download/mp4hs/
atb.assembly.r0.2.batch.105.tar.xz	https://osf.io/download/66715d450f8c8017d43c9e7b/
atb.assembly.r0.2.batch.106.tar.xz	https://osf.io/download/66715ddd77ff4c5f4fe048a0/
atb.assembly.r0.2.batch.107.tar.xz	https://osf.io/download/66715d9a6b6c8e341604cd78/
atb.assembly.r0.2.batch.108.tar.xz	https://osf.io/download/66715dfc77ff4c5f3ee04630/
atb.assembly.r0.2.batch.109.tar.xz	https://osf.io/download/66715e2b77ff4c5f4fe04901/
atb.assembly.r0.2.batch.11.tar.xz	https://osf.io/download/6671439d77ff4c5f18e047a9/
atb.assembly.r0.2.batch.110.tar.xz	https://osf.io/download/667169f40f8c8017e73c90ad/
atb.assembly.r0.2.batch.111.tar.xz	https://osf.io/download/66716a12d835c439cd4ce3c5/
atb.assembly.r0.2.batch.112.tar.xz	https://osf.io/download/66716a780f8c8017dc3c9cdc/
atb.assembly.r0.2.batch.113.tar.xz	https://osf.io/download/66716a366b6c8e342a04d089/
atb.assembly.r0.2.batch.114.tar.xz	https://osf.io/download/66716a00d835c439cd4ce3a3/
atb.assembly.r0.2.batch.115.tar.xz	https://osf.io/download/66716ad865e1de5eaa893c07/
atb.assembly.r0.2.batch.116.tar.xz	https://osf.io/download/66716aa00f8c8017e73c917a/
atb.assembly.r0.2.batch.117.tar.xz	https://osf.io/download/66716ab865e1de5e9e893f74/
atb.assembly.r0.2.batch.118.tar.xz	https://osf.io/download/66716ab26b6c8e342b04d34f/
atb.assembly.r0.2.batch.119.tar.xz	https://osf.io/download/66716ad865e1de5e998941cd/
atb.assembly.r0.2.batch.12.tar.xz	https://osf.io/download/667143786b6c8e33ef04cbde/
atb.assembly.r0.2.batch.120.tar.xz	https://osf.io/download/6671706965e1de5eb5893baa/
atb.assembly.r0.2.batch.121.tar.xz	https://osf.io/download/667170db65e1de5eb0893e12/
atb.assembly.r0.2.batch.122.tar.xz	https://osf.io/download/667170ad65e1de5eb9893b76/
atb.assembly.r0.2.batch.123.tar.xz	https://osf.io/download/6671706e6b6c8e343604cae2/
atb.assembly.r0.2.batch.124.tar.xz	https://osf.io/download/66716fea0f8c8017ed3c9433/
atb.assembly.r0.2.batch.125.tar.xz	https://osf.io/download/6671714977ff4c5f6ce045de/
atb.assembly.r0.2.batch.126.tar.xz	https://osf.io/download/6671719165e1de5eba893c31/
atb.assembly.r0.2.batch.127.tar.xz	https://osf.io/download/6671719165e1de5eb5893c28/
atb.assembly.r0.2.batch.128.tar.xz	https://osf.io/download/66717182d835c439cd4ce963/
atb.assembly.r0.2.batch.129.tar.xz	https://osf.io/download/66717198d835c439db4cde38/
atb.assembly.r0.2.batch.13.tar.xz	https://osf.io/download/6671439077ff4c5f1de045cc/
atb.assembly.r0.2.batch.130.tar.xz	https://osf.io/download/66717bbfd835c439ef4cdeec/
atb.assembly.r0.2.batch.131.tar.xz	https://osf.io/download/66717c12d835c439e84cddda/
atb.assembly.r0.2.batch.132.tar.xz	https://osf.io/download/66717c0577ff4c5f82e04469/
atb.assembly.r0.2.batch.133.tar.xz	https://osf.io/download/66717c2677ff4c5f82e04481/
atb.assembly.r0.2.batch.134.tar.xz	https://osf.io/download/66717c396b6c8e345004ca6e/
atb.assembly.r0.2.batch.135.tar.xz	https://osf.io/download/66717cf86b6c8e344b04cb98/
atb.assembly.r0.2.batch.136.tar.xz	https://osf.io/download/66717ce2d835c439e94cdf1e/
atb.assembly.r0.2.batch.137.tar.xz	https://osf.io/download/66717c8677ff4c5f82e044c8/
atb.assembly.r0.2.batch.138.tar.xz	https://osf.io/download/66717d020f8c80180c3c9237/
atb.assembly.r0.2.batch.139.tar.xz	https://osf.io/download/66717c86d835c439ef4ce01f/
atb.assembly.r0.2.batch.14.tar.xz	https://osf.io/download/6671438c77ff4c5f1ee046d7/
atb.assembly.r0.2.batch.140.tar.xz	https://osf.io/download/66717fb5d835c439e84cdf1d/
atb.assembly.r0.2.batch.141.tar.xz	https://osf.io/download/66717fb50f8c8017fa3c952d/
atb.assembly.r0.2.batch.142.tar.xz	https://osf.io/download/66717f9dd835c439ef4ce32b/
atb.assembly.r0.2.batch.143.tar.xz	https://osf.io/download/66717fa40f8c8017fa3c952b/
atb.assembly.r0.2.batch.144.tar.xz	https://osf.io/download/667180c565e1de5ec7893fee/
atb.assembly.r0.2.batch.145.tar.xz	https://osf.io/download/6671803765e1de5eba894743/
atb.assembly.r0.2.batch.146.tar.xz	https://osf.io/download/667180950f8c8017fa3c9543/
atb.assembly.r0.2.batch.147.tar.xz	https://osf.io/download/6671807d0f8c8017ff3c98dd/
atb.assembly.r0.2.batch.148.tar.xz	https://osf.io/download/6671805c65e1de5ecb893d4c/
atb.assembly.r0.2.batch.149.tar.xz	https://osf.io/download/667180846b6c8e345304cc37/
atb.assembly.r0.2.batch.15.tar.xz	https://osf.io/download/6671439065e1de5e73893cee/
atb.assembly.r0.2.batch.150.tar.xz	https://osf.io/download/66718c746b6c8e346304cd30/
atb.assembly.r0.2.batch.151.tar.xz	https://osf.io/download/66718c5fd835c439f54ce0e6/
atb.assembly.r0.2.batch.152.tar.xz	https://osf.io/download/66718c5d65e1de5ed0894479/
atb.assembly.r0.2.batch.153.tar.xz	https://osf.io/download/66718c5b65e1de5ecb894561/
atb.assembly.r0.2.batch.154.tar.xz	https://osf.io/download/66718c700f8c8018193c9136/
atb.assembly.r0.2.batch.155.tar.xz	https://osf.io/download/66718c6d6b6c8e346304cd2c/
atb.assembly.r0.2.batch.156.tar.xz	https://osf.io/download/66718ca5d835c439f84ce457/
atb.assembly.r0.2.batch.157.tar.xz	https://osf.io/download/66718c980f8c80181c3c90dd/
atb.assembly.r0.2.batch.158.tar.xz	https://osf.io/download/66718c890f8c80181b3c90c9/
atb.assembly.r0.2.batch.159.tar.xz	https://osf.io/download/66718c8065e1de5ecf894242/
atb.assembly.r0.2.batch.16.tar.xz	https://osf.io/download/66714394d835c439974ce096/
atb.assembly.r0.2.batch.160.tar.xz	https://osf.io/download/6671943b65e1de5ed889404d/
atb.assembly.r0.2.batch.161.tar.xz	https://osf.io/download/667194160f8c80181b3c97b7/
atb.assembly.r0.2.batch.162.tar.xz	https://osf.io/download/66719442d835c43a0e4ce263/
atb.assembly.r0.2.batch.163.tar.xz	https://osf.io/download/66719445d835c43a0d4ce148/
atb.assembly.r0.2.batch.164.tar.xz	https://osf.io/download/6671944565e1de5ee2893b50/
atb.assembly.r0.2.batch.165.tar.xz	https://osf.io/download/66719458d835c43a0d4ce157/
atb.assembly.r0.2.batch.166.tar.xz	https://osf.io/download/6671946a0f8c8018243c95bc/
atb.assembly.r0.2.batch.167.tar.xz	https://osf.io/download/667194676b6c8e346004d315/
atb.assembly.r0.2.batch.168.tar.xz	https://osf.io/download/6671946d77ff4c5f8fe04a17/
atb.assembly.r0.2.batch.169.tar.xz	https://osf.io/download/6671945977ff4c5f93e04bdc/
atb.assembly.r0.2.batch.17.tar.xz	https://osf.io/download/667143a165e1de5e6c893e99/
atb.assembly.r0.2.batch.170.tar.xz	https://osf.io/download/66719f0965e1de5eea8943ac/
atb.assembly.r0.2.batch.171.tar.xz	https://osf.io/download/66719ef677ff4c5f9ce04698/
atb.assembly.r0.2.batch.172.tar.xz	https://osf.io/download/66719f4877ff4c5fa1e04e3b/
atb.assembly.r0.2.batch.173.tar.xz	https://osf.io/download/66719f4065e1de5ee9894289/
atb.assembly.r0.2.batch.174.tar.xz	https://osf.io/download/66719ef20f8c8018273c9851/
atb.assembly.r0.2.batch.175.tar.xz	https://osf.io/download/66719ef96b6c8e347804cbcd/
atb.assembly.r0.2.batch.176.tar.xz	https://osf.io/download/66719f1377ff4c5fa1e04e22/
atb.assembly.r0.2.batch.177.tar.xz	https://osf.io/download/66719f71d835c43a214ce164/
atb.assembly.r0.2.batch.178.tar.xz	https://osf.io/download/66719f7b65e1de5ee5893dd5/
atb.assembly.r0.2.batch.179.tar.xz	https://osf.io/download/66719f7e0f8c8018273c98cf/
atb.assembly.r0.2.batch.18.tar.xz	https://osf.io/download/667143a977ff4c5f1ee046e6/
atb.assembly.r0.2.batch.180.tar.xz	https://osf.io/download/6671a79265e1de5eff893bba/
atb.assembly.r0.2.batch.181.tar.xz	https://osf.io/download/6671a7946b6c8e348204d1ed/
atb.assembly.r0.2.batch.182.tar.xz	https://osf.io/download/6671a7cf77ff4c5f9de04b0d/
atb.assembly.r0.2.batch.183.tar.xz	https://osf.io/download/6671a7a8d835c43a174ce8f2/
atb.assembly.r0.2.batch.184.tar.xz	https://osf.io/download/6671a7c16b6c8e348804cb98/
atb.assembly.r0.2.batch.185.tar.xz	https://osf.io/download/6671a86377ff4c5fb3e0459d/
atb.assembly.r0.2.batch.186.tar.xz	https://osf.io/download/6671a863d835c43a2c4ce4f0/
atb.assembly.r0.2.batch.187.tar.xz	https://osf.io/download/6671a85fd835c43a274ce363/
atb.assembly.r0.2.batch.188.tar.xz	https://osf.io/download/6671a876d835c43a2c4ce4f9/
atb.assembly.r0.2.batch.189.tar.xz	https://osf.io/download/6671a87465e1de5eff893cb8/
atb.assembly.r0.2.batch.19.tar.xz	https://osf.io/download/667143a377ff4c5f1de045d4/
atb.assembly.r0.2.batch.190.tar.xz	https://osf.io/download/6672813bd835c43c1f4ce522/
atb.assembly.r0.2.batch.191.tar.xz	https://osf.io/download/6672814a2026e9007f23e215/
atb.assembly.r0.2.batch.192.tar.xz	https://osf.io/download/6672813cd835c43c274cdfd9/
atb.assembly.r0.2.batch.193.tar.xz	https://osf.io/download/667280ff0f8c801a3d3c9df0/
atb.assembly.r0.2.batch.194.tar.xz	https://osf.io/download/667280d20f8c801a513c9191/
atb.assembly.r0.2.batch.195.tar.xz	https://osf.io/download/667281c72026e9008723dd1c/
atb.assembly.r0.2.batch.196.tar.xz	https://osf.io/download/667281a1d835c43c1f4ce555/
atb.assembly.r0.2.batch.197.tar.xz	https://osf.io/download/667281d22026e9008323df54/
atb.assembly.r0.2.batch.198.tar.xz	https://osf.io/download/667281d70f8c801a493c95c7/
atb.assembly.r0.2.batch.199.tar.xz	https://osf.io/download/667281d8e02bac0071b21ded/
atb.assembly.r0.2.batch.2.tar.xz	https://osf.io/download/667142d10f8c8017b03c96b0/
atb.assembly.r0.2.batch.20.tar.xz	https://osf.io/download/667143a6d835c4399d4ce1b0/
atb.assembly.r0.2.batch.200.tar.xz	https://osf.io/download/66728470d835c43c234ce2f5/
atb.assembly.r0.2.batch.201.tar.xz	https://osf.io/download/667284700f8c801a553c90fd/
atb.assembly.r0.2.batch.202.tar.xz	https://osf.io/download/6672848ad835c43c274ce2d4/
atb.assembly.r0.2.batch.203.tar.xz	https://osf.io/download/66728447e02bac0074b220b9/
atb.assembly.r0.2.batch.204.tar.xz	https://osf.io/download/6672845bd835c43c274ce296/
atb.assembly.r0.2.batch.205.tar.xz	https://osf.io/download/667284dbd835c43c274ce308/
atb.assembly.r0.2.batch.206.tar.xz	https://osf.io/download/667284fae02bac0071b221c6/
atb.assembly.r0.2.batch.207.tar.xz	https://osf.io/download/667284f1e02bac0071b221c3/
atb.assembly.r0.2.batch.208.tar.xz	https://osf.io/download/667284f0b5a036008b9ff34d/
atb.assembly.r0.2.batch.209.tar.xz	https://osf.io/download/667284fb0f8c801a553c914a/
atb.assembly.r0.2.batch.21.tar.xz	https://osf.io/download/667143e00f8c8017ac3c951d/
atb.assembly.r0.2.batch.210.tar.xz	https://osf.io/download/66728eabb5a03600949ff507/
atb.assembly.r0.2.batch.211.tar.xz	https://osf.io/download/66728e77b5a036009f9ff62b/
atb.assembly.r0.2.batch.212.tar.xz	https://osf.io/download/66728ea20f8c801a663c9241/
atb.assembly.r0.2.batch.213.tar.xz	https://osf.io/download/66728e8ed835c43c374cdd78/
atb.assembly.r0.2.batch.214.tar.xz	https://osf.io/download/66728e880f8c801a663c9219/
atb.assembly.r0.2.batch.215.tar.xz	https://osf.io/download/66728f0ad835c43c384cdda9/
atb.assembly.r0.2.batch.216.tar.xz	https://osf.io/download/66728f12e02bac0083b219ef/
atb.assembly.r0.2.batch.217.tar.xz	https://osf.io/download/66728f1eb5a036009e9ff4bf/
atb.assembly.r0.2.batch.218.tar.xz	https://osf.io/download/66728f22e02bac0083b21a06/
atb.assembly.r0.2.batch.219.tar.xz	https://osf.io/download/66728f21e02bac0083b21a04/
atb.assembly.r0.2.batch.22.tar.xz	https://osf.io/download/667143d465e1de5e74893e57/
atb.assembly.r0.2.batch.220.tar.xz	https://osf.io/download/667291220f8c801a663c94d8/
atb.assembly.r0.2.batch.221.tar.xz	https://osf.io/download/6672910c2026e9009f23dd7b/
atb.assembly.r0.2.batch.222.tar.xz	https://osf.io/download/6672911fb5a03600979ff782/
atb.assembly.r0.2.batch.223.tar.xz	https://osf.io/download/667291242026e9009823dd07/
atb.assembly.r0.2.batch.224.tar.xz	https://osf.io/download/667291050f8c801a663c94c2/
atb.assembly.r0.2.batch.225.tar.xz	https://osf.io/download/667291bb0f8c801a593c9729/
atb.assembly.r0.2.batch.226.tar.xz	https://osf.io/download/667291aad835c43c384ce296/
atb.assembly.r0.2.batch.227.tar.xz	https://osf.io/download/667291ccd835c43c374ce017/
atb.assembly.r0.2.batch.228.tar.xz	https://osf.io/download/667291d7d835c43c374ce031/
atb.assembly.r0.2.batch.229.tar.xz	https://osf.io/download/667291d3b5a03600a49ffa98/
atb.assembly.r0.2.batch.23.tar.xz	https://osf.io/download/667143d6d835c4399c4ce095/
atb.assembly.r0.2.batch.230.tar.xz	https://osf.io/download/6672ef2db5a03600fc9ff841/
atb.assembly.r0.2.batch.231.tar.xz	https://osf.io/download/6672ef110f8c801ac03c984c/
atb.assembly.r0.2.batch.232.tar.xz	https://osf.io/download/6672ef2d0f8c801ac03c9867/
atb.assembly.r0.2.batch.233.tar.xz	https://osf.io/download/6672ef0ce02bac00dbb2231e/
atb.assembly.r0.2.batch.234.tar.xz	https://osf.io/download/6672eeede02bac00d1b225f3/
atb.assembly.r0.2.batch.235.tar.xz	https://osf.io/download/6672efbfe02bac00e2b21833/
atb.assembly.r0.2.batch.236.tar.xz	https://osf.io/download/6672efd8d835c43c944ce286/
atb.assembly.r0.2.batch.237.tar.xz	https://osf.io/download/6672efd7e02bac00e1b2183d/
atb.assembly.r0.2.batch.238.tar.xz	https://osf.io/download/6672efd90f8c801ac73c9159/
atb.assembly.r0.2.batch.239.tar.xz	https://osf.io/download/6672efdee02bac00e2b21845/
atb.assembly.r0.2.batch.24.tar.xz	https://osf.io/download/667143d577ff4c5f1ee04718/
atb.assembly.r0.2.batch.240.tar.xz	https://osf.io/download/6672f0b40f8c801acb3c91f1/
atb.assembly.r0.2.batch.241.tar.xz	https://osf.io/download/6672f0982026e900fc23df12/
atb.assembly.r0.2.batch.242.tar.xz	https://osf.io/download/6672f0abb5a03601059ff254/
atb.assembly.r0.2.batch.243.tar.xz	https://osf.io/download/6672f0beb5a03601059ff261/
atb.assembly.r0.2.batch.244.tar.xz	https://osf.io/download/6672f0abe02bac00dbb2243e/
atb.assembly.r0.2.batch.245.tar.xz	https://osf.io/download/6672f1550f8c801aca3c91b4/
atb.assembly.r0.2.batch.246.tar.xz	https://osf.io/download/6672f163b5a03600fd9ffa25/
atb.assembly.r0.2.batch.247.tar.xz	https://osf.io/download/6672f1680f8c801ac03c98f3/
atb.assembly.r0.2.batch.248.tar.xz	https://osf.io/download/6672f1610f8c801acb3c9269/
atb.assembly.r0.2.batch.249.tar.xz	https://osf.io/download/6672f16ad835c43c9a4cdd0f/
atb.assembly.r0.2.batch.25.tar.xz	https://osf.io/download/667143de0f8c8017ab3c9431/
atb.assembly.r0.2.batch.250.tar.xz	https://osf.io/download/6672f2fbd835c43ca04cdd44/
atb.assembly.r0.2.batch.251.tar.xz	https://osf.io/download/6672f2e22026e900f623e33f/
atb.assembly.r0.2.batch.252.tar.xz	https://osf.io/download/6672f2ea2026e900f023e767/
atb.assembly.r0.2.batch.253.tar.xz	https://osf.io/download/6672f3010f8c801aca3c9442/
atb.assembly.r0.2.batch.254.tar.xz	https://osf.io/download/6672f2e7b5a03600fc9ff9af/
atb.assembly.r0.2.batch.255.tar.xz	https://osf.io/download/6672f318e02bac00eeb2183d/
atb.assembly.r0.2.batch.256.tar.xz	https://osf.io/download/6672f2f80f8c801ac73c92b9/
atb.assembly.r0.2.batch.257.tar.xz	https://osf.io/download/6672f2fb0f8c801aca3c943b/
atb.assembly.r0.2.batch.258.tar.xz	https://osf.io/download/6672f2fee02bac00eeb2182b/
atb.assembly.r0.2.batch.259.tar.xz	https://osf.io/download/6672f3000f8c801acb3c942b/
atb.assembly.r0.2.batch.26.tar.xz	https://osf.io/download/667143dcd835c4399c4ce097/
atb.assembly.r0.2.batch.260.tar.xz	https://osf.io/download/6673ef9a2026e9025f23dbf5/
atb.assembly.r0.2.batch.261.tar.xz	https://osf.io/download/6673ef9be02bac021fb21c68/
atb.assembly.r0.2.batch.262.tar.xz	https://osf.io/download/6673ef9c0f8c801c413c9138/
atb.assembly.r0.2.batch.263.tar.xz	https://osf.io/download/6673ef9ae02bac021fb21c66/
atb.assembly.r0.2.batch.264.tar.xz	https://osf.io/download/6673ef9ad835c43dff4cdfc3/
atb.assembly.r0.2.batch.265.tar.xz	https://osf.io/download/6673efa2e02bac0225b21bf8/
atb.assembly.r0.2.batch.266.tar.xz	https://osf.io/download/6673efa32026e9025a23db44/
atb.assembly.r0.2.batch.267.tar.xz	https://osf.io/download/6673efa0e02bac0225b21bf6/
atb.assembly.r0.2.batch.268.tar.xz	https://osf.io/download/6673efa10f8c801c3a3c91f4/
atb.assembly.r0.2.batch.269.tar.xz	https://osf.io/download/6673efa8e02bac0225b21bfa/
atb.assembly.r0.2.batch.27.tar.xz	https://osf.io/download/667143f0d835c4399d4ce1e7/
atb.assembly.r0.2.batch.270.tar.xz	https://osf.io/download/6673f029b5a03602549ff822/
atb.assembly.r0.2.batch.271.tar.xz	https://osf.io/download/6673f031b5a03602599ff144/
atb.assembly.r0.2.batch.272.tar.xz	https://osf.io/download/6673f0290f8c801c403c917e/
atb.assembly.r0.2.batch.273.tar.xz	https://osf.io/download/6673f029d835c43df94ce12d/
atb.assembly.r0.2.batch.274.tar.xz	https://osf.io/download/6673f026e02bac021eb21a87/
atb.assembly.r0.2.batch.275.tar.xz	https://osf.io/download/6673f048d835c43e004ce006/
atb.assembly.r0.2.batch.276.tar.xz	https://osf.io/download/6673f0542026e9026323dad6/
atb.assembly.r0.2.batch.277.tar.xz	https://osf.io/download/6673f04f2026e9026323dacf/
atb.assembly.r0.2.batch.278.tar.xz	https://osf.io/download/6673f052b5a03602599ff17a/
atb.assembly.r0.2.batch.279.tar.xz	https://osf.io/download/6673f0570f8c801c413c9204/
atb.assembly.r0.2.batch.28.tar.xz	https://osf.io/download/667143ecd835c439974ce0dd/
atb.assembly.r0.2.batch.280.tar.xz	https://osf.io/download/6673f4c6b5a03602709ff156/
atb.assembly.r0.2.batch.281.tar.xz	https://osf.io/download/6673f4c30f8c801c463c935b/
atb.assembly.r0.2.batch.282.tar.xz	https://osf.io/download/6673f4c2e02bac022eb21b75/
atb.assembly.r0.2.batch.283.tar.xz	https://osf.io/download/6673f4bce02bac021fb21d2c/
atb.assembly.r0.2.batch.284.tar.xz	https://osf.io/download/6673f4c30f8c801c413c92d3/
atb.assembly.r0.2.batch.285.tar.xz	https://osf.io/download/6673f4d50f8c801c553c9125/
atb.assembly.r0.2.batch.286.tar.xz	https://osf.io/download/6673f4dbd835c43e064cdf6a/
atb.assembly.r0.2.batch.287.tar.xz	https://osf.io/download/6673f4dfb5a03602809ff11f/
atb.assembly.r0.2.batch.288.tar.xz	https://osf.io/download/6673f4dee02bac0234b21875/
atb.assembly.r0.2.batch.289.tar.xz	https://osf.io/download/6673f4d82026e9026e23dad0/
atb.assembly.r0.2.batch.29.tar.xz	https://osf.io/download/667143e8d835c439974ce0d9/
atb.assembly.r0.2.batch.290.tar.xz	https://osf.io/download/xspmz/
atb.assembly.r0.2.batch.291.tar.xz	https://osf.io/download/jau4b/
atb.assembly.r0.2.batch.292.tar.xz	https://osf.io/download/6673f5bce02bac0235b219e1/
atb.assembly.r0.2.batch.293.tar.xz	https://osf.io/download/6673f5bce02bac0235b219df/
atb.assembly.r0.2.batch.294.tar.xz	https://osf.io/download/6673f5bc2026e9026f23daf0/
atb.assembly.r0.2.batch.295.tar.xz	https://osf.io/download/6673f5c22026e9026f23daf2/
atb.assembly.r0.2.batch.296.tar.xz	https://osf.io/download/ahpj6/
atb.assembly.r0.2.batch.297.tar.xz	https://osf.io/download/67mb8/
atb.assembly.r0.2.batch.298.tar.xz	https://osf.io/download/x6rgu/
atb.assembly.r0.2.batch.299.tar.xz	https://osf.io/download/drqy5/
atb.assembly.r0.2.batch.3.tar.xz	https://osf.io/download/667142c877ff4c5f1ee04625/
atb.assembly.r0.2.batch.30.tar.xz	https://osf.io/download/667143e865e1de5e74893e6b/
atb.assembly.r0.2.batch.31.tar.xz	https://osf.io/download/6671452d65e1de5e74893fe1/
atb.assembly.r0.2.batch.32.tar.xz	https://osf.io/download/667145346b6c8e33f404cfdd/
atb.assembly.r0.2.batch.33.tar.xz	https://osf.io/download/667145380f8c8017b73c913f/
atb.assembly.r0.2.batch.34.tar.xz	https://osf.io/download/6671456b6b6c8e33f404d013/
atb.assembly.r0.2.batch.35.tar.xz	https://osf.io/download/6671454fd835c4399d4ce3cc/
atb.assembly.r0.2.batch.36.tar.xz	https://osf.io/download/667145536b6c8e33f004cf2f/
atb.assembly.r0.2.batch.37.tar.xz	https://osf.io/download/6671455c0f8c8017b73c918b/
atb.assembly.r0.2.batch.38.tar.xz	https://osf.io/download/6671455677ff4c5f17e04756/
atb.assembly.r0.2.batch.39.tar.xz	https://osf.io/download/667145656b6c8e33f004cf3d/
atb.assembly.r0.2.batch.4.tar.xz	https://osf.io/download/667142b4d835c4399d4ce0d8/
atb.assembly.r0.2.batch.40.tar.xz	https://osf.io/download/6671456865e1de5e6c893fed/
atb.assembly.r0.2.batch.41.tar.xz	https://osf.io/download/6671482565e1de5e7e893aaa/
atb.assembly.r0.2.batch.42.tar.xz	https://osf.io/download/6671482865e1de5e73893eec/
atb.assembly.r0.2.batch.43.tar.xz	https://osf.io/download/66714825d835c439a24cdfbc/
atb.assembly.r0.2.batch.44.tar.xz	https://osf.io/download/6671482365e1de5e7a893ef0/
atb.assembly.r0.2.batch.45.tar.xz	https://osf.io/download/6671481465e1de5e7a893edf/
atb.assembly.r0.2.batch.46.tar.xz	https://osf.io/download/6671482265e1de5e7a893eee/
atb.assembly.r0.2.batch.47.tar.xz	https://osf.io/download/6671483777ff4c5f29e04393/
atb.assembly.r0.2.batch.48.tar.xz	https://osf.io/download/66714838d835c4399d4ce52d/
atb.assembly.r0.2.batch.49.tar.xz	https://osf.io/download/6671483965e1de5e79893d59/
atb.assembly.r0.2.batch.5.tar.xz	https://osf.io/download/667142aad835c4399c4cdf8e/
atb.assembly.r0.2.batch.50.tar.xz	https://osf.io/download/6671483a77ff4c5f2ae04398/
atb.assembly.r0.2.batch.51.tar.xz	https://osf.io/download/66714a1c77ff4c5f24e047ef/
atb.assembly.r0.2.batch.52.tar.xz	https://osf.io/download/66714a1bd835c439a34ce269/
atb.assembly.r0.2.batch.53.tar.xz	https://osf.io/download/66714a1b6b6c8e33fc04cd15/
atb.assembly.r0.2.batch.54.tar.xz	https://osf.io/download/66714a1a65e1de5e7f893ce6/
atb.assembly.r0.2.batch.55.tar.xz	https://osf.io/download/66714a1b65e1de5e7f893ce8/
atb.assembly.r0.2.batch.56.tar.xz	https://osf.io/download/66714a3565e1de5e7e893c12/
atb.assembly.r0.2.batch.57.tar.xz	https://osf.io/download/66714a3977ff4c5f24e04807/
atb.assembly.r0.2.batch.58.tar.xz	https://osf.io/download/66714a3965e1de5e7a894028/
atb.assembly.r0.2.batch.59.tar.xz	https://osf.io/download/66714a390f8c8017b63c95fd/
atb.assembly.r0.2.batch.6.tar.xz	https://osf.io/download/667142a4d835c4399d4ce0c5/
atb.assembly.r0.2.batch.60.tar.xz	https://osf.io/download/66714a39d835c439a34ce279/
atb.assembly.r0.2.batch.61.tar.xz	https://osf.io/download/66714b7065e1de5e7e893cfb/
atb.assembly.r0.2.batch.62.tar.xz	https://osf.io/download/66714b70d835c439a94cdd8f/
atb.assembly.r0.2.batch.63.tar.xz	https://osf.io/download/66714b6ed835c439a24ce246/
atb.assembly.r0.2.batch.64.tar.xz	https://osf.io/download/66714b6ed835c439a94cdd8d/
atb.assembly.r0.2.batch.65.tar.xz	https://osf.io/download/66714b6f65e1de5e7e893cf9/
atb.assembly.r0.2.batch.66.tar.xz	https://osf.io/download/66714b7b6b6c8e340104cc13/
atb.assembly.r0.2.batch.67.tar.xz	https://osf.io/download/66714b7777ff4c5f23e046e1/
atb.assembly.r0.2.batch.68.tar.xz	https://osf.io/download/66714b756b6c8e340104cc07/
atb.assembly.r0.2.batch.69.tar.xz	https://osf.io/download/66714b786b6c8e340104cc09/
atb.assembly.r0.2.batch.7.tar.xz	https://osf.io/download/667142c365e1de5e73893c37/
atb.assembly.r0.2.batch.70.tar.xz	https://osf.io/download/66714b750f8c8017bd3c917c/
atb.assembly.r0.2.batch.71.tar.xz	https://osf.io/download/66714d180f8c8017bc3c91bc/
atb.assembly.r0.2.batch.72.tar.xz	https://osf.io/download/66714d286b6c8e340104cd96/
atb.assembly.r0.2.batch.73.tar.xz	https://osf.io/download/66714d196b6c8e340104cd8a/
atb.assembly.r0.2.batch.74.tar.xz	https://osf.io/download/66714d1e65e1de5e79893fd1/
atb.assembly.r0.2.batch.75.tar.xz	https://osf.io/download/66714d2b6b6c8e340504cbc1/
atb.assembly.r0.2.batch.76.tar.xz	https://osf.io/download/66714d4e65e1de5e7e893ed3/
atb.assembly.r0.2.batch.77.tar.xz	https://osf.io/download/66714d3777ff4c5f30e04531/
atb.assembly.r0.2.batch.78.tar.xz	https://osf.io/download/66714d3377ff4c5f29e046eb/
atb.assembly.r0.2.batch.79.tar.xz	https://osf.io/download/66714d4a0f8c8017c33c92a6/
atb.assembly.r0.2.batch.8.tar.xz	https://osf.io/download/667142af77ff4c5f1ee0460b/
atb.assembly.r0.2.batch.80.tar.xz	https://osf.io/download/66714d4a0f8c8017b73c99d8/
atb.assembly.r0.2.batch.81.tar.xz	https://osf.io/download/6671525677ff4c5f3ee0439d/
atb.assembly.r0.2.batch.82.tar.xz	https://osf.io/download/6671525fd835c439b54cdd03/
atb.assembly.r0.2.batch.83.tar.xz	https://osf.io/download/6671525cd835c439ba4cdd08/
atb.assembly.r0.2.batch.84.tar.xz	https://osf.io/download/6671525c77ff4c5f45e0439e/
atb.assembly.r0.2.batch.85.tar.xz	https://osf.io/download/6671524365e1de5e7f89447e/
atb.assembly.r0.2.batch.86.tar.xz	https://osf.io/download/6671524f77ff4c5f45e04392/
atb.assembly.r0.2.batch.87.tar.xz	https://osf.io/download/6671526065e1de5e8a893ab7/
atb.assembly.r0.2.batch.88.tar.xz	https://osf.io/download/6671526577ff4c5f3ee043a3/
atb.assembly.r0.2.batch.89.tar.xz	https://osf.io/download/667152630f8c8017d43c90d2/
atb.assembly.r0.2.batch.9.tar.xz	https://osf.io/download/667142d577ff4c5f1ee04629/
atb.assembly.r0.2.batch.90.tar.xz	https://osf.io/download/6671526765e1de5e8b893ac2/
atb.assembly.r0.2.batch.91.tar.xz	https://osf.io/download/667154bc65e1de5e7e8941c4/
atb.assembly.r0.2.batch.92.tar.xz	https://osf.io/download/6671559e0f8c8017cf3c92ba/
atb.assembly.r0.2.batch.93.tar.xz	https://osf.io/download/667155860f8c8017d33c9426/
atb.assembly.r0.2.batch.94.tar.xz	https://osf.io/download/66715576d835c439ba4cdfdf/
atb.assembly.r0.2.batch.95.tar.xz	https://osf.io/download/667155b86b6c8e341c04cdf0/
atb.assembly.r0.2.batch.96.tar.xz	https://osf.io/download/667155b965e1de5e8b893c9b/
atb.assembly.r0.2.batch.97.tar.xz	https://osf.io/download/667155cb65e1de5e8a893bf6/
atb.assembly.r0.2.batch.98.tar.xz	https://osf.io/download/667155ed6b6c8e341b04ce11/
atb.assembly.r0.2.batch.99.tar.xz	https://osf.io/download/667155e877ff4c5f44e04566/
atb.assembly.r0.2.batch.300.tar.xz	https://osf.io/download/6673fe7d0f8c801c693c9162/
atb.assembly.r0.2.batch.301.tar.xz	https://osf.io/download/6673fe7b2026e9027723dac6/
atb.assembly.r0.2.batch.302.tar.xz	https://osf.io/download/6673fe7cb5a03602849ff2c4/
atb.assembly.r0.2.batch.303.tar.xz	https://osf.io/download/6673fe7d0f8c801c683c90f2/
atb.assembly.r0.2.batch.304.tar.xz	https://osf.io/download/sqpz3/
atb.assembly.r0.2.batch.305.tar.xz	https://osf.io/download/823ye/
atb.assembly.r0.2.batch.306.tar.xz	https://osf.io/download/9pu7k/
atb.assembly.r0.2.batch.307.tar.xz	https://osf.io/download/26zhe/
atb.assembly.r0.2.batch.308.tar.xz	https://osf.io/download/qapm8/
atb.assembly.r0.2.batch.309.tar.xz	https://osf.io/download/3zptf/
atb.assembly.r0.2.batch.310.tar.xz	https://osf.io/download/6673fd73e02bac0245b21800/
atb.assembly.r0.2.batch.311.tar.xz	https://osf.io/download/6673fd77e02bac023eb2189b/
atb.assembly.r0.2.batch.312.tar.xz	https://osf.io/download/6673fd76d835c43e184cdd0c/
atb.assembly.r0.2.batch.313.tar.xz	https://osf.io/download/6673fd76b5a03602939ff11c/
atb.assembly.r0.2.batch.314.tar.xz	https://osf.io/download/6673fd76b5a03602949ff112/
atb.assembly.r0.2.batch.315.tar.xz	https://osf.io/download/6673fd7ee02bac0245b21802/
atb.assembly.r0.2.batch.316.tar.xz	https://osf.io/download/6673fd7fd835c43e114cdde9/
atb.assembly.r0.2.batch.317.tar.xz	https://osf.io/download/6673fd7e2026e9027f23d9a8/
atb.assembly.r0.2.batch.318.tar.xz	https://osf.io/download/6673fd7ee02bac024bb21806/
atb.assembly.r0.2.batch.319.tar.xz	https://osf.io/download/6673fd7b0f8c801c5a3c91a6/
atb.assembly.r0.2.batch.320.tar.xz	https://osf.io/download/6673fd47d835c43e114cddd4/
atb.assembly.r0.2.batch.321.tar.xz	https://osf.io/download/6673fd47b5a03602749ff301/
atb.assembly.r0.2.batch.322.tar.xz	https://osf.io/download/6673fd49b5a03602809ff7bf/
atb.assembly.r0.2.batch.323.tar.xz	https://osf.io/download/6673fd480f8c801c5a3c918f/
atb.assembly.r0.2.batch.324.tar.xz	https://osf.io/download/6673fd49d835c43e064ce261/
atb.assembly.r0.2.batch.325.tar.xz	https://osf.io/download/6673fd4eb5a03602879ff1a8/
atb.assembly.r0.2.batch.326.tar.xz	https://osf.io/download/6673fd4db5a03602879ff1a6/
atb.assembly.r0.2.batch.327.tar.xz	https://osf.io/download/6673fd562026e9027823da7f/
atb.assembly.r0.2.batch.328.tar.xz	https://osf.io/download/6673fd56e02bac023bb21a61/
atb.assembly.r0.2.batch.329.tar.xz	https://osf.io/download/6673fd55e02bac023fb21908/
atb.assembly.r0.2.batch.330.tar.xz	https://osf.io/download/6673fd10e02bac023fb218ce/
atb.assembly.r0.2.batch.331.tar.xz	https://osf.io/download/6673fd110f8c801c463c95c9/
atb.assembly.r0.2.batch.332.tar.xz	https://osf.io/download/6673fd0f2026e9027323dfe3/
atb.assembly.r0.2.batch.333.tar.xz	https://osf.io/download/6673fd0e2026e9027823da5d/
atb.assembly.r0.2.batch.334.tar.xz	https://osf.io/download/6673fd16d835c43e0b4ce7ae/
atb.assembly.r0.2.batch.335.tar.xz	https://osf.io/download/6673fd192026e9027823da6b/
atb.assembly.r0.2.batch.336.tar.xz	https://osf.io/download/6673fd1ab5a03602889ff1fd/
atb.assembly.r0.2.batch.337.tar.xz	https://osf.io/download/6673fd18d835c43e114cddbe/
atb.assembly.r0.2.batch.338.tar.xz	https://osf.io/download/6673fd19e02bac023eb2187e/
atb.assembly.r0.2.batch.339.tar.xz	https://osf.io/download/6673fd11d835c43e124cddc1/
atb.assembly.r0.2.batch.340.tar.xz	https://osf.io/download/6673f8e30f8c801c553c9402/
atb.assembly.r0.2.batch.341.tar.xz	https://osf.io/download/6673f8e3e02bac022eb21cd2/
atb.assembly.r0.2.batch.342.tar.xz	https://osf.io/download/6673f8e3b5a03602809ff485/
atb.assembly.r0.2.batch.343.tar.xz	https://osf.io/download/6673f8e22026e9026823dc2f/
atb.assembly.r0.2.batch.344.tar.xz	https://osf.io/download/6673f8e80f8c801c553c9404/
atb.assembly.r0.2.batch.345.tar.xz	https://osf.io/download/6673f8eb2026e9026f23dcbb/
atb.assembly.r0.2.batch.346.tar.xz	https://osf.io/download/6673f8ecb5a03602799ff540/
atb.assembly.r0.2.batch.347.tar.xz	https://osf.io/download/6673f8eb0f8c801c473c9530/
atb.assembly.r0.2.batch.348.tar.xz	https://osf.io/download/6673f8ecd835c43e0a4ce1aa/
atb.assembly.r0.2.batch.349.tar.xz	https://osf.io/download/6673f8df0f8c801c4c3c9665/
atb.assembly.r0.2.batch.350.tar.xz	https://osf.io/download/6673f6cce02bac022db21ab3/
atb.assembly.r0.2.batch.351.tar.xz	https://osf.io/download/6673f6cae02bac022db21ab1/
atb.assembly.r0.2.batch.352.tar.xz	https://osf.io/download/6673f6ca0f8c801c473c946a/
atb.assembly.r0.2.batch.353.tar.xz	https://osf.io/download/6673f6c72026e9027323db05/
atb.assembly.r0.2.batch.354.tar.xz	https://osf.io/download/6673f6d6d835c43e0a4ce019/
atb.assembly.r0.2.batch.355.tar.xz	https://osf.io/download/6673f6d6b5a03602809ff32a/
atb.assembly.r0.2.batch.356.tar.xz	https://osf.io/download/6673f6d52026e9026323dd09/
atb.assembly.r0.2.batch.357.tar.xz	https://osf.io/download/6673f6d62026e9026e23dbbc/
atb.assembly.r0.2.batch.358.tar.xz	https://osf.io/download/6673f6d52026e9027323db09/
atb.assembly.r0.2.batch.359.tar.xz	https://osf.io/download/6673f6c80f8c801c4c3c9531/
atb.assembly.r0.2.batch.360.tar.xz	https://osf.io/download/6673f696b5a03602809ff2b9/
atb.assembly.r0.2.batch.361.tar.xz	https://osf.io/download/6673f6952026e9026e23dba2/
atb.assembly.r0.2.batch.362.tar.xz	https://osf.io/download/6673f696d835c43e0a4cdfed/
atb.assembly.r0.2.batch.363.tar.xz	https://osf.io/download/6673f6930f8c801c413c931c/
atb.assembly.r0.2.batch.364.tar.xz	https://osf.io/download/6673f692d835c43e0b4ce246/
atb.assembly.r0.2.batch.365.tar.xz	https://osf.io/download/6673f69be02bac0234b219aa/
atb.assembly.r0.2.batch.366.tar.xz	https://osf.io/download/6673f6a1d835c43e0b4ce261/
atb.assembly.r0.2.batch.367.tar.xz	https://osf.io/download/6673f69f0f8c801c473c9452/
atb.assembly.r0.2.batch.368.tar.xz	https://osf.io/download/6673f69ad835c43e064ce032/
atb.assembly.r0.2.batch.369.tar.xz	https://osf.io/download/6673f69b0f8c801c463c93b7/
atb.assembly.r0.2.batch.370.tar.xz	https://osf.io/download/6673f6110f8c801c553c9217/
atb.assembly.r0.2.batch.371.tar.xz	https://osf.io/download/6673f6112026e9026f23db32/
atb.assembly.r0.2.batch.372.tar.xz	https://osf.io/download/6673f6170f8c801c4c3c94c6/
atb.assembly.r0.2.batch.373.tar.xz	https://osf.io/download/6673f617d835c43e064cdff5/
atb.assembly.r0.2.batch.374.tar.xz	https://osf.io/download/6673f614b5a03602809ff248/
atb.assembly.r0.2.batch.375.tar.xz	https://osf.io/download/6673f617b5a03602799ff36c/
atb.assembly.r0.2.batch.376.tar.xz	https://osf.io/download/6673f619d835c43e064cdff7/
atb.assembly.r0.2.batch.377.tar.xz	https://osf.io/download/6673f618b5a036026f9ff182/
atb.assembly.r0.2.batch.378.tar.xz	https://osf.io/download/6673f61a2026e9026823db94/
atb.assembly.r0.2.batch.379.tar.xz	https://osf.io/download/6673f610d835c43e064cdff3/
atb.assembly.r0.2.batch.380.tar.xz	https://osf.io/download/6673f46ab5a036027a9ff316/
atb.assembly.r0.2.batch.381.tar.xz	https://osf.io/download/6673f469d835c43e0b4ce06d/
atb.assembly.r0.2.batch.382.tar.xz	https://osf.io/download/6673f4702026e9026f23d9ff/
atb.assembly.r0.2.batch.383.tar.xz	https://osf.io/download/6673f46eb5a03602759ff340/
atb.assembly.r0.2.batch.384.tar.xz	https://osf.io/download/6673f46be02bac022eb21b58/
atb.assembly.r0.2.batch.385.tar.xz	https://osf.io/download/6673f4720f8c801c4c3c938b/
atb.assembly.r0.2.batch.386.tar.xz	https://osf.io/download/6673f476b5a03602799ff219/
atb.assembly.r0.2.batch.387.tar.xz	https://osf.io/download/6673f4762026e9026823db51/
atb.assembly.r0.2.batch.388.tar.xz	https://osf.io/download/6673f478e02bac022eb21b5b/
atb.assembly.r0.2.batch.389.tar.xz	https://osf.io/download/6673f477e02bac022db21a3f/
atb.assembly.r0.2.batch.390.tar.xz	https://osf.io/download/6673f4220f8c801c4c3c934e/
atb.assembly.r0.2.batch.391.tar.xz	https://osf.io/download/6673f41e0f8c801c403c9222/
atb.assembly.r0.2.batch.392.tar.xz	https://osf.io/download/6673f421d835c43e0b4ce045/
atb.assembly.r0.2.batch.393.tar.xz	https://osf.io/download/6673f421e02bac0234b21807/
atb.assembly.r0.2.batch.394.tar.xz	https://osf.io/download/6673f4272026e9025a23dbc1/
atb.assembly.r0.2.batch.395.tar.xz	https://osf.io/download/6673f440d835c43e0a4cdeda/
atb.assembly.r0.2.batch.396.tar.xz	https://osf.io/download/6673f4462026e9026f23d9e7/
atb.assembly.r0.2.batch.397.tar.xz	https://osf.io/download/6673f43e0f8c801c473c9379/
atb.assembly.r0.2.batch.398.tar.xz	https://osf.io/download/6673f446d835c43e0b4ce059/
atb.assembly.r0.2.batch.399.tar.xz	https://osf.io/download/6673f434d835c43e0a4cded2/
atb.assembly.r0.2.batch.400.tar.xz	https://osf.io/download/6673f2e92026e9026823da8b/
atb.assembly.r0.2.batch.401.tar.xz	https://osf.io/download/6673f2db2026e9025f23dcd8/
atb.assembly.r0.2.batch.402.tar.xz	https://osf.io/download/6673f2d92026e9025f23dcd6/
atb.assembly.r0.2.batch.403.tar.xz	https://osf.io/download/6673f2d8b5a03602659ff2a5/
atb.assembly.r0.2.batch.404.tar.xz	https://osf.io/download/6673f2d82026e9026823da87/
atb.assembly.r0.2.batch.405.tar.xz	https://osf.io/download/6673f2dde02bac0225b21e45/
atb.assembly.r0.2.batch.406.tar.xz	https://osf.io/download/6673f2de2026e9026823da89/
atb.assembly.r0.2.batch.407.tar.xz	https://osf.io/download/6673f2ded835c43e0a4cddfb/
atb.assembly.r0.2.batch.408.tar.xz	https://osf.io/download/6673f2e6b5a03602759ff13e/
atb.assembly.r0.2.batch.409.tar.xz	https://osf.io/download/6673f2f2b5a036027a9ff17b/
atb.assembly.r0.2.batch.410.tar.xz	https://osf.io/download/6673f2aa2026e9026323dc0b/
atb.assembly.r0.2.batch.411.tar.xz	https://osf.io/download/6673f2a8e02bac022eb2198b/
atb.assembly.r0.2.batch.412.tar.xz	https://osf.io/download/6673f2a9d835c43e0a4cdde2/
atb.assembly.r0.2.batch.413.tar.xz	https://osf.io/download/6673f2a8d835c43e0a4cdde0/
atb.assembly.r0.2.batch.414.tar.xz	https://osf.io/download/6673f2aad835c43e064cde20/
atb.assembly.r0.2.batch.415.tar.xz	https://osf.io/download/6673f2bae02bac022eb2199e/
atb.assembly.r0.2.batch.416.tar.xz	https://osf.io/download/6673f2b52026e9026923dafc/
atb.assembly.r0.2.batch.417.tar.xz	https://osf.io/download/6673f2c0b5a03602759ff136/
atb.assembly.r0.2.batch.418.tar.xz	https://osf.io/download/6673f2bf0f8c801c4d3c9220/
atb.assembly.r0.2.batch.419.tar.xz	https://osf.io/download/6673f2c00f8c801c4d3c9222/
atb.assembly.r0.2.batch.420.tar.xz	https://osf.io/download/6673f22ce02bac0225b21e0f/
atb.assembly.r0.2.batch.421.tar.xz	https://osf.io/download/6673f22b0f8c801c473c920f/
atb.assembly.r0.2.batch.422.tar.xz	https://osf.io/download/6673f22cd835c43e0a4cdd93/
atb.assembly.r0.2.batch.423.tar.xz	https://osf.io/download/6673f22a2026e9026923da65/
atb.assembly.r0.2.batch.424.tar.xz	https://osf.io/download/6673f23a0f8c801c4d3c91c4/
atb.assembly.r0.2.batch.425.tar.xz	https://osf.io/download/6673f23c2026e9025f23dcb8/
atb.assembly.r0.2.batch.426.tar.xz	https://osf.io/download/6673f23c0f8c801c4d3c91c6/
atb.assembly.r0.2.batch.427.tar.xz	https://osf.io/download/6673f23de02bac022eb21947/
atb.assembly.r0.2.batch.428.tar.xz	https://osf.io/download/6673f23cb5a036026d9ff112/
atb.assembly.r0.2.batch.429.tar.xz	https://osf.io/download/6673f22c2026e9026323dbdd/
atb.assembly.r0.2.batch.430.tar.xz	https://osf.io/download/6673f1422026e9026323db8a/
atb.assembly.r0.2.batch.431.tar.xz	https://osf.io/download/6673f142b5a036025b9ff1ed/
atb.assembly.r0.2.batch.432.tar.xz	https://osf.io/download/6673f145e02bac021ab21aa7/
atb.assembly.r0.2.batch.433.tar.xz	https://osf.io/download/6673f140d835c43e054cdd65/
atb.assembly.r0.2.batch.434.tar.xz	https://osf.io/download/6673f1450f8c801c4c3c90bd/
atb.assembly.r0.2.batch.435.tar.xz	https://osf.io/download/6673f1462026e9026923d9b5/
atb.assembly.r0.2.batch.436.tar.xz	https://osf.io/download/6673f152d835c43e054cdd67/
atb.assembly.r0.2.batch.437.tar.xz	https://osf.io/download/6673f1510f8c801c4c3c90bf/
atb.assembly.r0.2.batch.438.tar.xz	https://osf.io/download/6673f153e02bac022db21828/
atb.assembly.r0.2.batch.439.tar.xz	https://osf.io/download/6673f155b5a03602659ff144/
atb.assembly.r0.2.batch.440.tar.xz	https://osf.io/download/6673f10db5a03602599ff1e5/
atb.assembly.r0.2.batch.441.tar.xz	https://osf.io/download/6673f10ee02bac0226b22171/
atb.assembly.r0.2.batch.442.tar.xz	https://osf.io/download/6673f10e2026e9025f23dc93/
atb.assembly.r0.2.batch.443.tar.xz	https://osf.io/download/6673f10ed835c43e064cdd7e/
atb.assembly.r0.2.batch.444.tar.xz	https://osf.io/download/6673f11bb5a036025f9ff130/
atb.assembly.r0.2.batch.445.tar.xz	https://osf.io/download/6673f11ee02bac0225b21d9c/
atb.assembly.r0.2.batch.446.tar.xz	https://osf.io/download/6673f11e2026e9026923d998/
atb.assembly.r0.2.batch.447.tar.xz	https://osf.io/download/6673f11fb5a036025f9ff132/
atb.assembly.r0.2.batch.448.tar.xz	https://osf.io/download/6673f11f0f8c801c463c90cd/
atb.assembly.r0.2.batch.449.tar.xz	https://osf.io/download/6673f10eb5a036025f9ff12b/
atb.assembly.r0.2.batch.450.tar.xz	https://osf.io/download/6673f0cad835c43dff4ce177/
atb.assembly.r0.2.batch.451.tar.xz	https://osf.io/download/6673f0c6e02bac021ab21a97/
atb.assembly.r0.2.batch.452.tar.xz	https://osf.io/download/6673f0cae02bac0226b22130/
atb.assembly.r0.2.batch.453.tar.xz	https://osf.io/download/6673f0ca2026e9025a23db84/
atb.assembly.r0.2.batch.454.tar.xz	https://osf.io/download/6673f0c82026e9026323db27/
atb.assembly.r0.2.batch.455.tar.xz	https://osf.io/download/6673f0d9d835c43e004ce05b/
atb.assembly.r0.2.batch.456.tar.xz	https://osf.io/download/6673f0d62026e9026223da9e/
atb.assembly.r0.2.batch.457.tar.xz	https://osf.io/download/6673f0d9b5a03602599ff1d4/
atb.assembly.r0.2.batch.458.tar.xz	https://osf.io/download/6673f0dae02bac0225b21d8b/
atb.assembly.r0.2.batch.459.tar.xz	https://osf.io/download/6673f0da2026e9026223daaa/
atb.assembly.r0.2.batch.460.tar.xz	https://osf.io/download/6673f092e02bac0226b22106/
atb.assembly.r0.2.batch.461.tar.xz	https://osf.io/download/6673f0920f8c801c413c922f/
atb.assembly.r0.2.batch.462.tar.xz	https://osf.io/download/6673f0990f8c801c3b3c9382/
atb.assembly.r0.2.batch.463.tar.xz	https://osf.io/download/6673f09a2026e9026223da52/
atb.assembly.r0.2.batch.464.tar.xz	https://osf.io/download/6673f0a8b5a03602539ff6be/
atb.assembly.r0.2.batch.465.tar.xz	https://osf.io/download/6673f0a8b5a036025b9ff17b/
atb.assembly.r0.2.batch.466.tar.xz	https://osf.io/download/6673f0aa2026e9026223da6c/
atb.assembly.r0.2.batch.467.tar.xz	https://osf.io/download/6673f0aa2026e9026223da6e/
atb.assembly.r0.2.batch.468.tar.xz	https://osf.io/download/6673f0aad835c43dfa4ce22f/
atb.assembly.r0.2.batch.469.tar.xz	https://osf.io/download/6673f092e02bac021eb21aa3/
atb.assembly.r0.2.batch.470.tar.xz	https://osf.io/download/66732426b5a036015b9ff531/
atb.assembly.r0.2.batch.471.tar.xz	https://osf.io/download/667324230f8c801b483c9298/
atb.assembly.r0.2.batch.472.tar.xz	https://osf.io/download/667324282026e9016423dba3/
atb.assembly.r0.2.batch.473.tar.xz	https://osf.io/download/667324252026e9016323db1a/
atb.assembly.r0.2.batch.474.tar.xz	https://osf.io/download/66732427d835c43cfc4ce396/
atb.assembly.r0.2.batch.475.tar.xz	https://osf.io/download/66732464e02bac012cb21cb4/
atb.assembly.r0.2.batch.476.tar.xz	https://osf.io/download/667324600f8c801b463c921c/
atb.assembly.r0.2.batch.477.tar.xz	https://osf.io/download/6673246ed835c43cfc4ce3d4/
atb.assembly.r0.2.batch.478.tar.xz	https://osf.io/download/6673246e2026e9016423dbcb/
atb.assembly.r0.2.batch.479.tar.xz	https://osf.io/download/6673246fb5a03601509ff788/
atb.assembly.r0.2.batch.480.tar.xz	https://osf.io/download/66731a3ce02bac0143b2183f/
atb.assembly.r0.2.batch.481.tar.xz	https://osf.io/download/66731a39b5a03601519ff254/
atb.assembly.r0.2.batch.482.tar.xz	https://osf.io/download/66731a39d835c43cfc4cdd9d/
atb.assembly.r0.2.batch.483.tar.xz	https://osf.io/download/66731a3ce02bac013db21914/
atb.assembly.r0.2.batch.484.tar.xz	https://osf.io/download/66731a3d0f8c801b223c91db/
atb.assembly.r0.2.batch.485.tar.xz	https://osf.io/download/66731a84e02bac0143b21897/
atb.assembly.r0.2.batch.486.tar.xz	https://osf.io/download/66731a84b5a03601399ff134/
atb.assembly.r0.2.batch.487.tar.xz	https://osf.io/download/66731a86e02bac0143b21899/
atb.assembly.r0.2.batch.488.tar.xz	https://osf.io/download/66731a7f0f8c801b223c9223/
atb.assembly.r0.2.batch.489.tar.xz	https://osf.io/download/66731a7c2026e9015a23da47/
atb.assembly.r0.2.batch.490.tar.xz	https://osf.io/download/66731957e02bac013db2184a/
atb.assembly.r0.2.batch.491.tar.xz	https://osf.io/download/6673195b2026e9013c23da00/
atb.assembly.r0.2.batch.492.tar.xz	https://osf.io/download/6673195de02bac013eb21853/
atb.assembly.r0.2.batch.493.tar.xz	https://osf.io/download/66731989e02bac012bb21813/
atb.assembly.r0.2.batch.494.tar.xz	https://osf.io/download/667318b0b5a036013d9ff112/
atb.assembly.r0.2.batch.495.tar.xz	https://osf.io/download/667318b7d835c43ce64cdcf6/
atb.assembly.r0.2.batch.496.tar.xz	https://osf.io/download/667318e30f8c801b223c90b9/
atb.assembly.r0.2.batch.497.tar.xz	https://osf.io/download/6673190fb5a03601419ff12a/
atb.assembly.r0.2.batch.498.tar.xz	https://osf.io/download/667318ec2026e9013c23d9d0/
atb.assembly.r0.2.batch.499.tar.xz	https://osf.io/download/667318e9d835c43cfd4cdd2f/
atb.assembly.r0.2.batch.500.tar.xz	https://osf.io/download/66730f560f8c801af53c94d3/
atb.assembly.r0.2.batch.501.tar.xz	https://osf.io/download/66730f5db5a036011f9ff84e/
atb.assembly.r0.2.batch.502.tar.xz	https://osf.io/download/66730f5a0f8c801af53c94dc/
atb.assembly.r0.2.batch.503.tar.xz	https://osf.io/download/66730f5ce02bac0106b21b31/
atb.assembly.r0.2.batch.504.tar.xz	https://osf.io/download/66730faed835c43cc64cdfb3/
atb.assembly.r0.2.batch.505.tar.xz	https://osf.io/download/66730fb2e02bac0111b21b06/
atb.assembly.r0.2.batch.506.tar.xz	https://osf.io/download/66730fb5d835c43ccb4cdecb/
atb.assembly.r0.2.batch.507.tar.xz	https://osf.io/download/66730fb1b5a036011e9ff694/
atb.assembly.r0.2.batch.508.tar.xz	https://osf.io/download/66730faf2026e9012223de74/
atb.assembly.r0.2.batch.509.tar.xz	https://osf.io/download/66730f5de02bac0111b21ace/
atb.assembly.r0.2.batch.510.tar.xz	https://osf.io/download/66730ba92026e9011d23d9aa/
atb.assembly.r0.2.batch.511.tar.xz	https://osf.io/download/66730ba6b5a036011f9ff308/
atb.assembly.r0.2.batch.512.tar.xz	https://osf.io/download/66730ba6d835c43cc64cdcf9/
atb.assembly.r0.2.batch.513.tar.xz	https://osf.io/download/66730ba90f8c801aef3c90c1/
atb.assembly.r0.2.batch.514.tar.xz	https://osf.io/download/66730ba0b5a036011e9ff263/
atb.assembly.r0.2.batch.515.tar.xz	https://osf.io/download/66730be50f8c801aef3c9141/
atb.assembly.r0.2.batch.516.tar.xz	https://osf.io/download/66730bed2026e9012223d9bc/
atb.assembly.r0.2.batch.517.tar.xz	https://osf.io/download/66730beee02bac010bb21900/
atb.assembly.r0.2.batch.518.tar.xz	https://osf.io/download/66730bef0f8c801aee3c90d9/
atb.assembly.r0.2.batch.519.tar.xz	https://osf.io/download/66730bf1e02bac010bb21903/
atb.assembly.r0.2.batch.520.tar.xz	https://osf.io/download/66730586e02bac0100b2183e/
atb.assembly.r0.2.batch.521.tar.xz	https://osf.io/download/667305852026e9011323dc2d/
atb.assembly.r0.2.batch.522.tar.xz	https://osf.io/download/66730586e02bac00f3b220cb/
atb.assembly.r0.2.batch.523.tar.xz	https://osf.io/download/66730584b5a03601159ff2d7/
atb.assembly.r0.2.batch.524.tar.xz	https://osf.io/download/66730586b5a036010a9ffc87/
atb.assembly.r0.2.batch.525.tar.xz	https://osf.io/download/667305da2026e9011323dc8a/
atb.assembly.r0.2.batch.526.tar.xz	https://osf.io/download/667305da2026e9010923dec8/
atb.assembly.r0.2.batch.527.tar.xz	https://osf.io/download/667305dae02bac00fbb21d18/
atb.assembly.r0.2.batch.528.tar.xz	https://osf.io/download/667305cd2026e9010d23dbdf/
atb.assembly.r0.2.batch.529.tar.xz	https://osf.io/download/667305cbb5a03601159ff34d/
atb.assembly.r0.2.batch.530.tar.xz	https://osf.io/download/66730094e02bac00f3b21fa9/
atb.assembly.r0.2.batch.531.tar.xz	https://osf.io/download/66730095b5a03601049ff96f/
atb.assembly.r0.2.batch.532.tar.xz	https://osf.io/download/667300962026e9010223e624/
atb.assembly.r0.2.batch.533.tar.xz	https://osf.io/download/667300972026e9010923dc63/
atb.assembly.r0.2.batch.534.tar.xz	https://osf.io/download/667300d82026e900fb23e7d3/
atb.assembly.r0.2.batch.535.tar.xz	https://osf.io/download/667300e0d835c43ca74ce3d9/
atb.assembly.r0.2.batch.536.tar.xz	https://osf.io/download/667300e1e02bac00fbb2191b/
atb.assembly.r0.2.batch.537.tar.xz	https://osf.io/download/667300e10f8c801adb3c92dd/
atb.assembly.r0.2.batch.538.tar.xz	https://osf.io/download/667300e10f8c801ad43c93d0/
atb.assembly.r0.2.batch.539.tar.xz	https://osf.io/download/667300902026e9010923dc61/
atb.assembly.r0.2.batch.540.tar.xz	https://osf.io/download/6672fdc92026e9010323e413/
atb.assembly.r0.2.batch.541.tar.xz	https://osf.io/download/6672fdbbd835c43c9f4ce5bc/
atb.assembly.r0.2.batch.542.tar.xz	https://osf.io/download/6672fdcad835c43ca74ce2f0/
atb.assembly.r0.2.batch.543.tar.xz	https://osf.io/download/6672fdc52026e9010323e40e/
atb.assembly.r0.2.batch.544.tar.xz	https://osf.io/download/6672fdafb5a036010a9ff978/
atb.assembly.r0.2.batch.545.tar.xz	https://osf.io/download/6672fdd5d835c43cab4ce0f6/
atb.assembly.r0.2.batch.546.tar.xz	https://osf.io/download/6672fdd40f8c801ad53c93d5/
atb.assembly.r0.2.batch.547.tar.xz	https://osf.io/download/6672fddd2026e9010223e468/
atb.assembly.r0.2.batch.548.tar.xz	https://osf.io/download/6672fdd8b5a03601119ff508/
atb.assembly.r0.2.batch.549.tar.xz	https://osf.io/download/6672fde0e02bac00eeb21fd7/
atb.assembly.r0.2.batch.550.tar.xz	https://osf.io/download/6672fd290f8c801aca3c9d56/
atb.assembly.r0.2.batch.551.tar.xz	https://osf.io/download/6672fd402026e900fc23e987/
atb.assembly.r0.2.batch.552.tar.xz	https://osf.io/download/6672fd3a0f8c801acb3c9e40/
atb.assembly.r0.2.batch.553.tar.xz	https://osf.io/download/6672fd3ed835c43cab4ce021/
atb.assembly.r0.2.batch.554.tar.xz	https://osf.io/download/6672fd3fe02bac00f3b21d49/
atb.assembly.r0.2.batch.555.tar.xz	https://osf.io/download/6672fd42e02bac00f4b220fe/
atb.assembly.r0.2.batch.556.tar.xz	https://osf.io/download/6672fd52e02bac00f4b22108/
atb.assembly.r0.2.batch.557.tar.xz	https://osf.io/download/6672fd582026e900fc23e991/
atb.assembly.r0.2.batch.558.tar.xz	https://osf.io/download/6672fd580f8c801ad03c9cc4/
atb.assembly.r0.2.batch.559.tar.xz	https://osf.io/download/6672fd582026e900fb23e58a/
atb.assembly.r0.2.batch.560.tar.xz	https://osf.io/download/6672fcefd835c43cab4cdfeb/
atb.assembly.r0.2.batch.561.tar.xz	https://osf.io/download/6672fcf10f8c801ad03c9c5c/
atb.assembly.r0.2.batch.562.tar.xz	https://osf.io/download/6672fcedd835c43cab4cdfe9/
atb.assembly.r0.2.batch.563.tar.xz	https://osf.io/download/6672fcf10f8c801acb3c9e2e/
atb.assembly.r0.2.batch.564.tar.xz	https://osf.io/download/6672fcf12026e9010323e33f/
atb.assembly.r0.2.batch.565.tar.xz	https://osf.io/download/6672fd05e02bac00edb21ff4/
atb.assembly.r0.2.batch.566.tar.xz	https://osf.io/download/6672fd03b5a03600fd9ffecc/
atb.assembly.r0.2.batch.567.tar.xz	https://osf.io/download/6672fd0bd835c43ca74ce2aa/
atb.assembly.r0.2.batch.568.tar.xz	https://osf.io/download/6672fd090f8c801ad03c9c91/
atb.assembly.r0.2.batch.569.tar.xz	https://osf.io/download/6672fd092026e900fb23e55d/
atb.assembly.r0.2.batch.570.tar.xz	https://osf.io/download/6672fca3e02bac00e8b21d42/
atb.assembly.r0.2.batch.571.tar.xz	https://osf.io/download/6672fca3b5a036010b9ffe96/
atb.assembly.r0.2.batch.572.tar.xz	https://osf.io/download/6672fca3e02bac00f3b21cae/
atb.assembly.r0.2.batch.573.tar.xz	https://osf.io/download/6672fca3d835c43caa4cded0/
atb.assembly.r0.2.batch.574.tar.xz	https://osf.io/download/6672fca3d835c43cab4cdfb5/
atb.assembly.r0.2.batch.575.tar.xz	https://osf.io/download/6672fcb32026e9010323e31b/
atb.assembly.r0.2.batch.576.tar.xz	https://osf.io/download/6672fcb1e02bac00f3b21cbe/
atb.assembly.r0.2.batch.577.tar.xz	https://osf.io/download/6672fca92026e9010323e315/
atb.assembly.r0.2.batch.578.tar.xz	https://osf.io/download/6672fcab2026e9010323e317/
atb.assembly.r0.2.batch.579.tar.xz	https://osf.io/download/6672fcace02bac00eeb21f2c/
atb.assembly.r0.2.batch.580.tar.xz	https://osf.io/download/6672fc60d835c43cab4cdf77/
atb.assembly.r0.2.batch.581.tar.xz	https://osf.io/download/6672fc49e02bac00f4b21fbe/
atb.assembly.r0.2.batch.582.tar.xz	https://osf.io/download/6672fc47e02bac00f4b21fbc/
atb.assembly.r0.2.batch.583.tar.xz	https://osf.io/download/6672fc422026e9010323e2e5/
atb.assembly.r0.2.batch.584.tar.xz	https://osf.io/download/6672fc600f8c801ad43c917f/
atb.assembly.r0.2.batch.585.tar.xz	https://osf.io/download/6672fc4ee02bac00f3b21c75/
atb.assembly.r0.2.batch.586.tar.xz	https://osf.io/download/6672fc4fb5a03601119ff363/
atb.assembly.r0.2.batch.587.tar.xz	https://osf.io/download/6672fc510f8c801ad03c9bfd/
atb.assembly.r0.2.batch.588.tar.xz	https://osf.io/download/6672fc660f8c801ad53c92a1/
atb.assembly.r0.2.batch.589.tar.xz	https://osf.io/download/6672fc5a2026e900fc23e8fb/
atb.assembly.r0.2.batch.590.tar.xz	https://osf.io/download/6672fc120f8c801acb3c9e08/
atb.assembly.r0.2.batch.591.tar.xz	https://osf.io/download/6672fc112026e900fc23e8bf/
atb.assembly.r0.2.batch.592.tar.xz	https://osf.io/download/6672fc122026e9010323e2c6/
atb.assembly.r0.2.batch.593.tar.xz	https://osf.io/download/6672fc122026e9010223e35f/
atb.assembly.r0.2.batch.594.tar.xz	https://osf.io/download/6672fc12e02bac00f4b21f54/
atb.assembly.r0.2.batch.595.tar.xz	https://osf.io/download/6672fc1fd835c43caa4cde83/
atb.assembly.r0.2.batch.596.tar.xz	https://osf.io/download/6672fc22b5a03601119ff31c/
atb.assembly.r0.2.batch.597.tar.xz	https://osf.io/download/6672fc202026e9010223e365/
atb.assembly.r0.2.batch.598.tar.xz	https://osf.io/download/6672fc1cd835c43cab4cdf39/
atb.assembly.r0.2.batch.599.tar.xz	https://osf.io/download/6672fc25b5a03601119ff323/
atb.assembly.r0.2.batch.600.tar.xz	https://osf.io/download/6672f6b8e02bac00e8b21b92/
atb.assembly.r0.2.batch.601.tar.xz	https://osf.io/download/6672f6b60f8c801acb3c98e2/
atb.assembly.r0.2.batch.602.tar.xz	https://osf.io/download/6672f6b5d835c43ca04ce171/
atb.assembly.r0.2.batch.603.tar.xz	https://osf.io/download/6672f6b82026e900fb23e11d/
atb.assembly.r0.2.batch.604.tar.xz	https://osf.io/download/6672f6d30f8c801acb3c98fc/
atb.assembly.r0.2.batch.605.tar.xz	https://osf.io/download/6672f6ddb5a036010a9ff445/
atb.assembly.r0.2.batch.606.tar.xz	https://osf.io/download/6672f6dcb5a036010a9ff442/
atb.assembly.r0.2.batch.607.tar.xz	https://osf.io/download/6672f6ddd835c43c9f4ce126/
atb.assembly.r0.2.batch.608.tar.xz	https://osf.io/download/6672f6dfe02bac00eeb21c2e/
atb.assembly.r0.2.batch.609.tar.xz	https://osf.io/download/6672f6ab0f8c801ac03c9a47/
atb.assembly.r0.2.batch.610.tar.xz	https://osf.io/download/6672f5f90f8c801ac13c9d8b/
atb.assembly.r0.2.batch.611.tar.xz	https://osf.io/download/6672f5f3d835c43c944ce4f1/
atb.assembly.r0.2.batch.612.tar.xz	https://osf.io/download/6672f5f32026e9010323dcc7/
atb.assembly.r0.2.batch.613.tar.xz	https://osf.io/download/6672f5ee2026e900fc23e462/
atb.assembly.r0.2.batch.614.tar.xz	https://osf.io/download/6672f6092026e900fc23e46b/
atb.assembly.r0.2.batch.615.tar.xz	https://osf.io/download/6672f615e02bac00e2b21c90/
atb.assembly.r0.2.batch.616.tar.xz	https://osf.io/download/6672f6160f8c801acb3c9884/
atb.assembly.r0.2.batch.617.tar.xz	https://osf.io/download/6672f6162026e9010323dce3/
atb.assembly.r0.2.batch.618.tar.xz	https://osf.io/download/6672f614e02bac00e2b21c8e/
atb.assembly.r0.2.batch.619.tar.xz	https://osf.io/download/6672f5e82026e9010323dcc0/
atb.assembly.r0.2.batch.620.tar.xz	https://osf.io/download/6672f5a3b5a03601059ff58a/
atb.assembly.r0.2.batch.621.tar.xz	https://osf.io/download/6672f59cd835c43ca04ce00c/
atb.assembly.r0.2.batch.622.tar.xz	https://osf.io/download/6672f5a1e02bac00e8b219e0/
atb.assembly.r0.2.batch.623.tar.xz	https://osf.io/download/6672f5892026e9010223dbb9/
atb.assembly.r0.2.batch.624.tar.xz	https://osf.io/download/6672f59be02bac00eeb21aa4/
atb.assembly.r0.2.batch.625.tar.xz	https://osf.io/download/6672f5a7d835c43c944ce4e8/
atb.assembly.r0.2.batch.626.tar.xz	https://osf.io/download/6672f5a92026e9010323dc85/
atb.assembly.r0.2.batch.627.tar.xz	https://osf.io/download/6672f5ab0f8c801acb3c9823/
atb.assembly.r0.2.batch.628.tar.xz	https://osf.io/download/6672f5ace02bac00e8b219e5/
atb.assembly.r0.2.batch.629.tar.xz	https://osf.io/download/6672f594d835c43c9b4ce1d7/
atb.assembly.r0.2.batch.630.tar.xz	https://osf.io/download/6672f4e7e02bac00eeb219d7/
atb.assembly.r0.2.batch.631.tar.xz	https://osf.io/download/6672f4e5e02bac00eeb219d5/
atb.assembly.r0.2.batch.632.tar.xz	https://osf.io/download/6672f4e6d835c43c9f4cde9e/
atb.assembly.r0.2.batch.633.tar.xz	https://osf.io/download/6672f4f10f8c801ad03c91ea/
atb.assembly.r0.2.batch.634.tar.xz	https://osf.io/download/6672f4ea2026e9010323dbac/
atb.assembly.r0.2.batch.635.tar.xz	https://osf.io/download/6672f4ed0f8c801acb3c9747/
atb.assembly.r0.2.batch.636.tar.xz	https://osf.io/download/6672f4eee02bac00e8b21968/
atb.assembly.r0.2.batch.637.tar.xz	https://osf.io/download/6672f4e12026e9010223db34/
atb.assembly.r0.2.batch.638.tar.xz	https://osf.io/download/6672f48f0f8c801ad03c9175/
atb.assembly.r0.2.batch.639.tar.xz	https://osf.io/download/6672eccdd835c43c8b4ce235/
atb.assembly.r0.2.batch.640.tar.xz	https://osf.io/download/6672eb6bb5a03600ef9ff7de/
atb.assembly.r0.2.batch.641.tar.xz	https://osf.io/download/6672d826b5a03600d79ffe7d/
atb.assembly.r0.2.batch.642.tar.xz	https://osf.io/download/6672c5960f8c801a8d3c916c/
atb.assembly.r0.2.batch.643.tar.xz	https://osf.io/download/6672c1d70f8c801a823c97b4/
atb.assembly.r0.2.batch.644.tar.xz	https://osf.io/download/6672c05ed835c43c5c4ce730/
atb.assembly.r0.2.batch.645.tar.xz	https://osf.io/download/6672bf8bd835c43c4f4cec70/
atb.assembly.r0.2.batch.646.tar.xz	https://osf.io/download/6672b904d835c43c5c4ce07c/
atb.assembly.r0.2.batch.647.tar.xz	https://osf.io/download/6672adcdb5a03600c19ff18f/
atb.assembly.r0.2.batch.648.tar.xz	https://osf.io/download/6672a318e02bac009ab2180a/
atb.assembly.r0.2.batch.649.tar.xz	https://osf.io/download/6672a0400f8c801a653c9e5b/
atb.assembly.r0.2.batch.650.tar.xz	https://osf.io/download/wfg5u/
atb.assembly.r0.2.batch.651.tar.xz	https://osf.io/download/66729dd9d835c43c314ce3b1/
atb.assembly.r0.2.batch.652.tar.xz	https://osf.io/download/66729affd835c43c374ce77a/
atb.assembly.r0.2.batch.653.tar.xz	https://osf.io/download/66729a93d835c43c324ce621/
atb.assembly.r0.2.batch.654.tar.xz	https://osf.io/download/66729aa32026e9009f23e561/
atb.assembly.r0.2.batch.655.tar.xz	https://osf.io/download/66729aa42026e9009923e35e/
atb.assembly.r0.2.batch.656.tar.xz	https://osf.io/download/66729acd2026e900a423db33/
atb.assembly.r0.2.batch.657.tar.xz	https://osf.io/download/66729ab3e02bac0084b2272a/
atb.assembly.r0.2.batch.658.tar.xz	https://osf.io/download/66729aaa2026e900a523dc85/
atb.assembly.r0.2.batch.659.tar.xz	https://osf.io/download/66729add2026e900a423db4a/
atb.assembly.r0.2.batch.660.tar.xz	https://osf.io/download/66729a290f8c801a603c9df8/
atb.assembly.r0.2.batch.661.tar.xz	https://osf.io/download/66729a1cb5a03600a99ff2d4/
atb.assembly.r0.2.batch.662.tar.xz	https://osf.io/download/667299fb2026e900a423da83/
atb.assembly.r0.2.batch.663.tar.xz	https://osf.io/download/667299fbb5a03600a89ff1da/
atb.assembly.r0.2.batch.664.tar.xz	https://osf.io/download/66729a1ae02bac0083b223f6/
atb.assembly.r0.2.batch.665.tar.xz	https://osf.io/download/66729a13d835c43c384ced81/
